1	Exponent Rules
2	Lets you simplify big expressions instantly instead of multiplying everything out by hand.
3	Same base, multiplying → ADD the exponents. Power to a power → MULTIPLY the exponents. Dividing same base → SUBTRACT the exponents. Zero exponent (x≠0) → always equals 1. Negative exponent → flip it into a fraction: x⁻ⁿ = 1/xⁿ.
4	Exponent
5	The small raised number that shows how many times to multiply the base by itself.
6	In x⁵, the exponent is 5.
7	Base
8	The number or variable being multiplied repeatedly.
9	In x⁵, the base is x.
10	Multiply, Power-to-Power & Divide
11	<div class='ex-legend'><span class='ex-purple'>PURPLE</span> = the rule you apply, <span class='ex-blue'>BLUE</span> = the exponent math, <span class='ex-red'>RED</span> = the answer</div>
12	<span class='step-label'>Step 1:</span> Same base, multiplying → <span class='ex-purple'>ADD the exponents</span>: x² · x⁵ = x⁷ <span class='ex-blue'>(2+5=7)</span>
13	<span class='step-label'>Step 2:</span> Power to a power → <span class='ex-purple'>MULTIPLY the exponents</span>: (x³)⁴ = x¹² <span class='ex-blue'>(3×4=12)</span>
14	<span class='step-label'>Step 3:</span> Same base, dividing → <span class='ex-purple'>SUBTRACT the exponents</span>: x¹⁰ ÷ x⁴ = x⁶ <span class='ex-blue'>(10−4=6)</span>
15	<div class='ex-notice'>Notice: the purple word tells you add, multiply, or subtract — the blue math shows exactly how.</div>
16	Zero & Negative Exponents
17	<span class='step-label'>Step 1:</span> Anything to the <span class='ex-purple'>zero power</span> is 1 (x ≠ 0): 9x⁰ = 9 × 1 = <span class='ex-red'>9</span>
18	<span class='step-label'>Step 2:</span> A <span class='ex-purple'>negative exponent</span> flips into a fraction: x⁻⁴ = <span class='ex-red'>1/x⁴</span>
19	<span class='step-label'>Step 3:</span> Multiply the <span class='ex-blue'>coefficients</span>, add the <span class='ex-purple'>exponents</span>: (3x²)(2x⁴) = 6x⁶ <span class='ex-blue'>(3×2=6)</span> <span class='ex-purple'>(2+4=6)</span>
20	<div class='ex-notice'>Notice: zero power erases the variable; a negative exponent flips it into a fraction.</div>
21	Same base, multiplying → ADD the exponents.
22	Answer: x⁸
23	Same base, multiplying → you {{}} the exponents.
24	add
25	subtract
26	multiply
27	Final answer
28	Same base, dividing → SUBTRACT the exponents.
29	Answer: x⁷
30	Same base, dividing → you {{}} the exponents.
31	Power to a power → MULTIPLY the exponents.
32	Power raised to a power → you {{}} the exponents.
33	Anything to the power of 0 is 1 (as long as x ≠ 0).
34	Answer: 5
35	Anything raised to the power of 0 equals {{}} (as long as x ≠ 0).
36	x⁻² = ? (as a fraction)
37	A negative exponent means "flip it into a fraction."
38	x⁻² becomes 1 over x²
39	Answer: 1/x²
40	A negative exponent means you {{}} it into a fraction.
41	flip
42	square
43	x⁻² becomes 1 over {{}}
44	Answer: x¹⁰
45	Power raised to a power → MULTIPLY the exponents.
46	Answer: x¹⁵
47	Answer: x⁵
48	x⁻³ = ? (as a fraction)
49	x⁻³ becomes 1 over x³
50	Answer: 1/x³
51	Multiply the coefficients: 2 × 3 = 6
52	Same base, multiplying → add the exponents: 3 + 5 = 8
53	Answer: 6x⁸
54	Scientific Notation
55	Used anytime a number is huge (distances in space) or tiny (the size of a cell) so you don't write a wall of zeros.
56	Big number → move the decimal point LEFT until exactly one digit is in front; however many places you moved it becomes a POSITIVE exponent on the 10. Tiny number → move the decimal RIGHT instead, and the exponent is NEGATIVE. To go back to standard form, move the decimal the opposite direction the exponent tells you. To multiply two numbers already in scientific notation, multiply the front numbers and ADD the exponents; to divide, divide the front numbers and SUBTRACT the exponents.
57	A way to write very large or very small numbers as a number between 1 and 10 multiplied by a power of 10.
58	6.7 × 10⁴ means 6.7 multiplied by 10,000.
59	Big Number → Scientific Notation
60	<div class='ex-legend'><span class='ex-purple'>PURPLE</span> = the direction you move, <span class='ex-blue'>BLUE</span> = how many places, <span class='ex-red'>RED</span> = the answer</div>
61	<span class='step-label'>Step 1:</span> 67,000 — move the decimal <span class='ex-purple'>LEFT</span> until one digit is in front: 6.7
62	<span class='step-label'>Step 2:</span> Count the places moved: <span class='ex-blue'>4 places</span> → big number → the exponent is <span class='ex-purple'>POSITIVE</span>
63	<span class='step-label'>Step 3:</span> Answer: <span class='ex-red'>6.7 × 10⁴</span>
64	<div class='ex-notice'>Notice: big numbers move LEFT and get a POSITIVE exponent.</div>
65	Tiny Number → Scientific Notation
66	<span class='step-label'>Step 1:</span> 0.00045 — move the decimal <span class='ex-purple'>RIGHT</span> until one digit is in front: 4.5
67	<span class='step-label'>Step 2:</span> Count the places moved: <span class='ex-blue'>4 places</span> → tiny number → the exponent is <span class='ex-purple'>NEGATIVE</span>
68	<span class='step-label'>Step 3:</span> Answer: <span class='ex-red'>4.5 × 10⁻⁴</span>
69	<div class='ex-notice'>Notice: tiny numbers move RIGHT and get a NEGATIVE exponent.</div>
70	Multiplying & Dividing in Scientific Notation
71	<span class='step-label'>Step 1:</span> (4 × 10²)(2 × 10³) — multiply the front numbers: 4 × 2 = <span class='ex-red'>8</span>
72	<span class='step-label'>Step 2:</span> Add the exponents: 2 + 3 = 5 → Answer: <span class='ex-red'>8 × 10⁵</span>
73	<span class='step-label'>Step 3:</span> (6 × 10⁵) ÷ (3 × 10²) — divide the front numbers (6 ÷ 3 = 2), subtract the exponents (5 − 2 = 3) → Answer: <span class='ex-red'>2 × 10³</span>
74	<div class='ex-notice'>Notice: multiplying ADDS the exponents, dividing SUBTRACTS them — same rule as regular exponents.</div>
75	Write 6,200 in scientific notation.
76	Move the decimal point LEFT until one digit is in front: 6.2
77	Count the digits the decimal hopped over:###DP:6:2,0,0:###
78	That's 3 places → big number → exponent is POSITIVE.
79	Answer: 6.2 × 10³
80	Move the decimal until one digit is in front: {{}}
81	That's {{}} places, and 6,200 is a big number, so the exponent is {{}}.
82	positive
83	negative
84	Write 0.00072 in scientific notation.
85	Move the decimal point RIGHT until one digit is in front: 7.2
86	Count the digits the decimal hopped over:###DP::0,0,0,7:2###
87	That's 4 places → tiny number → exponent is NEGATIVE.
88	Answer: 7.2 × 10⁻⁴
89	That's {{}} places, and 0.00072 is a tiny number, so the exponent is {{}}.
90	Write 2.5 × 10³ in standard form.
91	The exponent is +3, so move the decimal RIGHT 3 places, padding zeros as needed.
92	Watch the decimal hop across (padded zeros included):###DP:2:5,0,0:###
93	Answer: 2500
94	The exponent is +3, so move the decimal {{}} 3 places.
95	right
96	left
97	2.5 becomes: {{}}
98	Multiply the front numbers: 3 × 2 = 6
99	Add the exponents: 2 + 3 = 5
100	Answer: 6 × 10⁵
101	Multiply the front numbers: 3 × 2 = {{}}
102	Add the exponents: 2 + 3 = {{}}
103	Write 52,000 in scientific notation.
104	Move the decimal point LEFT until one digit is in front: 5.2
105	Count the digits the decimal hopped over:###DP:5:2,0,0,0:###
106	That's 4 places → Big number → the exponent is POSITIVE.
107	Answer: 5.2 × 10⁴
108	Write 0.0081 in scientific notation.
109	Move the decimal point RIGHT until one digit is in front: 8.1
110	Count the digits the decimal hopped over:###DP::0,0,8:1###
111	That's 3 places → Tiny number → the exponent is NEGATIVE.
112	Answer: 8.1 × 10⁻³
113	Write 3.4 × 10⁵ in standard form.
114	The exponent is +5, so move the decimal RIGHT 5 places, padding zeros as needed.
115	Watch the decimal hop across (padded zeros included):###DP:3:4,0,0,0,0:###
116	Answer: 340,000
117	Write 7.2 × 10⁻³ in standard form.
118	The exponent is −3, so move the decimal LEFT 3 places, padding zeros as needed.
119	Watch the decimal hop across (padded zeros included):###DP::0,0,7:2###
120	Answer: 0.0072
121	Multiply the front numbers: 2 × 3 = 6
122	Add the exponents: 3 + 4 = 7
123	Answer: 6 × 10⁷
124	Divide the front numbers: 8 ÷ 2 = 4
125	Subtract the exponents: 6 − 2 = 4
126	Answer: 4 × 10⁴
127	Simplifying Square Roots
128	Answers are usually expected in simplest form (like turning √50 into 5√2) — exact grading rules vary, but it's the safest habit to build.
129	Find the LARGEST perfect square (4, 9, 16, 25, 36…) that divides evenly into the number under the root. Take that perfect square's square root and pull it out front; whatever's left stays under the radical sign.
130	Perfect Square
131	A number you get by squaring a whole number.
132	9 is a perfect square because 3 × 3 = 9.
133	Radical
134	The √ symbol together with whatever is underneath it.
135	In √50, the radical is the whole √50.
136	Simplifying √50
137	<div class='ex-legend'><span class='ex-purple'>PURPLE</span> = the perfect square you pull out, <span class='ex-blue'>BLUE</span> = what's left under the root, <span class='ex-red'>RED</span> = the answer</div>
138	<span class='step-label'>Step 1:</span> Find the largest perfect square that divides 50: 50 = <span class='ex-purple'>25</span> × <span class='ex-blue'>2</span>
139	<span class='step-label'>Step 2:</span> √25 = 5, so pull the 5 out front: √50 = √25 × √2
140	<span class='step-label'>Step 3:</span> Answer: <span class='ex-red'>5√2</span>
141	Simplifying √48
142	<span class='step-label'>Step 1:</span> Find the largest perfect square that divides 48: 48 = <span class='ex-purple'>16</span> × <span class='ex-blue'>3</span>
143	<span class='step-label'>Step 2:</span> √16 = 4, so pull the 4 out front: √48 = √16 × √3
144	<span class='step-label'>Step 3:</span> Answer: <span class='ex-red'>4√3</span>
145	<div class='ex-notice'>Notice: always check for the LARGEST perfect square — a smaller one still works but leaves more simplifying to do.</div>
146	Largest perfect square that divides 27: 9 (27 = 9 × 3)
147	√9 = 3, pull it out front
148	Answer: 3√3
149	Largest perfect square that divides 27: {{}}
150	√9 = {{}}, pull it out front
151	Largest perfect square that divides 80: 16 (80 = 16 × 5)
152	√16 = 4, pull it out front
153	Answer: 4√5
154	Largest perfect square that divides 80: {{}}
155	√16 = {{}}, pull it out front
156	Largest perfect square that divides 98: 49 (98 = 49 × 2)
157	√49 = 7, pull it out front
158	Answer: 7√2
159	Largest perfect square that divides 98: {{}}
160	√49 = {{}}, pull it out front
161	Find the largest perfect square that divides 18: 9 (18 = 9 × 2)
162	√9 = 3, so pull the 3 out front
163	Answer: 3√2
164	Find the largest perfect square that divides 32: 16 (32 = 16 × 2)
165	√16 = 4, so pull the 4 out front
166	Answer: 4√2
167	Find the largest perfect square that divides 45: 9 (45 = 9 × 5)
168	Answer: 3√5
169	Find the largest perfect square that divides 72: 36 (72 = 36 × 2)
170	√36 = 6, so pull the 6 out front
171	Answer: 6√2
172	Find the largest perfect square that divides 20: 4 (20 = 4 × 5)
173	√4 = 2, so pull the 2 out front
174	Answer: 2√5
175	Find the largest perfect square that divides 75: 25 (75 = 25 × 3)
176	√25 = 5, so pull the 5 out front
177	Answer: 5√3
178	Solving Inequalities
179	Describes a range of acceptable answers, like a budget or a speed limit, instead of one exact number.
180	Solve it exactly like an equation — get x alone using the same steps. The one difference: if you multiply or divide BOTH sides by a NEGATIVE number, you must FLIP the inequality sign.
181	Inequality
182	A statement comparing two expressions with <, >, ≤, or ≥ instead of an equals sign.
183	x > 7 means x can be any number greater than 7.
184	A Regular Inequality
185	<div class='ex-legend'><span class='ex-purple'>PURPLE</span> = what you do to both sides, <span class='ex-blue'>BLUE</span> = whether the sign flips, <span class='ex-red'>RED</span> = the answer</div>
186	<span class='step-label'>Step 1:</span> Subtract 3 from BOTH sides: 2x + 3 < 11 → 2x < 8
187	<span class='step-label'>Step 2:</span> Divide BOTH sides by 2: <span class='ex-purple'>positive number, sign stays the same</span> <span class='ex-blue'>(no flip)</span>
188	<span class='step-label'>Step 3:</span> Answer: <span class='ex-red'>x < 4</span>
189	Dividing by a Negative
190	<span class='step-label'>Step 1:</span> Divide BOTH sides by <span class='ex-purple'>−3</span>. Dividing by a <span class='ex-purple'>negative number</span> means you must <span class='ex-blue'>FLIP the sign</span> in that SAME step: > becomes <
191	<span class='step-label'>Step 2:</span> −3x > 12 → (divide by −3, flip the sign) → <span class='ex-blue'>x < −4</span>
192	<span class='step-label'>Step 3:</span> Answer: <span class='ex-red'>x < −4</span>
193	<div class='ex-notice'>Notice: the number you divide by (purple) decides whether the sign flips (blue) — the flip happens in the SAME step as the division, never as an afterthought.</div>
194	Add 3 to BOTH sides — watch it happen:###BAL:x − 3,9;<;+3,+3;x,12###
195	Answer: x < 12
196	What do you do to both sides? {{}} 3
197	divide
198	Divide BOTH sides by 4 (positive, so the sign stays) — watch it happen:###BAL:4x,20;≥;÷4,÷4;x,5###
199	Answer: x ≥ 5
200	What do you do to both sides? {{}} by 4
201	Is 4 positive or negative? {{}} — so the sign stays the same
202	Subtract 2 from BOTH sides:###BAL:−3x + 2,11;>;−2,−2;−3x,9###
203	Divide BOTH sides by −3 — the sign FLIPS:###BAL:−3x,9;>;÷−3,÷−3;x,−3;<###
204	Answer: x < −3
205	Subtract 2 from both sides: −3x > {{}}
206	Divide both sides by −3 — positive or negative? {{}} — so the sign {{}}
207	flips
208	stays the same
209	Subtract 5 from BOTH sides — watch it happen:###BAL:x + 5,12;>;−5,−5;x,7###
210	Answer: x > 7
211	Divide BOTH sides by 3 — watch it happen:###BAL:3x,18;≤;÷3,÷3;x,6###
212	Answer: x ≤ 6
213	Add 4 to BOTH sides:###BAL:2x − 4,10;<;+4,+4;2x,14###
214	Now divide BOTH sides by 2:###BAL:2x,14;<;÷2,÷2;x,7###
215	Answer: x < 7
216	−2x + 5 ≥ −9  (divide by a negative!)
217	Subtract 5 from BOTH sides:###BAL:−2x + 5,−9;≥;−5,−5;−2x,−14###
218	Divide BOTH sides by −2 — the sign FLIPS because it's negative:###BAL:−2x,−14;≥;÷−2,÷−2;x,7;≤###
219	Answer: x ≤ 7
220	4x + 3 > 7x − 12  (divide by a negative!)
221	Subtract 7x from BOTH sides:###BAL:4x + 3,7x − 12;>;−7x,−7x;−3x + 3,−12###
222	Subtract 3 from BOTH sides:###BAL:−3x + 3,−12;>;−3,−3;−3x,−15###
223	Divide BOTH sides by −3 — the sign FLIPS:###BAL:−3x,−15;>;÷−3,÷−3;x,5;<###
224	Answer: x < 5
225	−5x − 2 ≤ 18  (divide by a negative!)
226	Add 2 to BOTH sides:###BAL:−5x − 2,18;≤;+2,+2;−5x,20###
227	Divide BOTH sides by −5 — the sign FLIPS:###BAL:−5x,20;≤;÷−5,÷−5;x,−4;≥###
228	Answer: x ≥ −4
229	Absolute Value Equations
230	Absolute value shows up anywhere you care about a distance or a difference, not a direction.
231	Absolute value means "distance from 0," so it's never negative. Split into TWO equations: drop the bars for the POSITIVE case (keep the equation the same), and drop the bars for the NEGATIVE case (flip the sign of the number on the other side). Solve both.
232	Absolute Value
233	The distance a number is from 0 on the number line — always positive or zero.
234	|−5| = 5 and |5| = 5
235	A Standard Case
236	<div class='ex-legend'><span class='ex-purple'>PURPLE</span> = the positive case, <span class='ex-blue'>BLUE</span> = the negative case, <span class='ex-red'>RED</span> = the answer</div>
237	<span class='step-label'>Step 1:</span> <span class='ex-purple'>Positive case</span>: drop the bars, keep the equation the same: x − 3 = 7 → x = 10
238	<span class='step-label'>Step 2:</span> <span class='ex-blue'>Negative case</span>: drop the bars, flip the sign of the other side: x − 3 = −7 → x = −4
239	<span class='step-label'>Step 3:</span> Answer: <span class='ex-red'>x = 10 or x = −4</span>
240	Another Case
241	<span class='step-label'>Step 1:</span> <span class='ex-purple'>Positive case</span>: x + 2 = 6 → x = 4
242	<span class='step-label'>Step 2:</span> <span class='ex-blue'>Negative case</span>: x + 2 = −6 → x = −8
243	<span class='step-label'>Step 3:</span> Answer: <span class='ex-red'>x = 4 or x = −8</span>
244	<div class='ex-notice'>Notice: every absolute value equation splits into a purple (positive) and a blue (negative) case — solve both.</div>
245	x = 8  or  x = 2
246	Positive case: x − 5 = 3 → x = 8
247	Negative case: x − 5 = −3 → x = 2
248	Answer: x = 8 or x = 2
249	Positive case: x − 5 = 3 → x = {{}}
250	Negative case: x − 5 = −3 → x = {{}}
251	x = 8 or x = 2
252	x = 3  or  x = −6
253	Positive case: 2x + 3 = 9 → 2x = 6 → x = 3
254	Negative case: 2x + 3 = −9 → 2x = −12 → x = −6
255	Answer: x = 3 or x = −6
256	Positive case: 2x + 3 = 9 → x = {{}}
257	Negative case: 2x + 3 = −9 → x = {{}}
258	x = 3 or x = -6
259	A distance of exactly 0 has no separate negative case — only ONE equation.
260	Answer: x = −1 (just one solution)
261	A distance of exactly 0 has how many cases? {{}} (just one!)
262	one
263	two
264	x = 5  or  x = −13
265	Positive case: x + 4 = 9 → x = 5
266	Negative case: x + 4 = −9 → x = −13
267	Answer: x = 5 or x = −13
268	x = 8  or  x = 4
269	Positive case: x − 6 = 2 → x = 8
270	Negative case: x − 6 = −2 → x = 4
271	Answer: x = 8 or x = 4
272	x = 4  or  x = −10
273	Positive case: 2x + 6 = 14 → 2x = 8 → x = 4
274	Negative case: 2x + 6 = −14 → 2x = −20 → x = −10
275	Answer: x = 4 or x = −10
276	x = 6  or  x = −2
277	Positive case: 4x − 8 = 16 → 4x = 24 → x = 6
278	Negative case: 4x − 8 = −16 → 4x = −8 → x = −2
279	Answer: x = 6 or x = −2
280	|x + 7| = 0  (how many answers?)
281	x = −7  (only one!)
282	A distance of exactly 0 has no separate negative case — there's only ONE equation.
283	Answer: x = −7 (just one solution)
284	x = 6  or  x = −5
285	Positive case: 2x − 1 = 11 → 2x = 12 → x = 6
286	Negative case: 2x − 1 = −11 → 2x = −10 → x = −5
287	Answer: x = 6 or x = −5
288	Systems of Equations
289	Lets you solve for two unknowns at once — like finding the price of two items from two purchases.
290	Substitution: take an expression that equals one variable (or solve one equation for it) and substitute it into the OTHER equation. That leaves one equation with one variable — solve it, then plug that answer back into either original equation to find the second variable.
291	System of Equations
292	Two or more equations that share the same variables, solved together.
293	y = x + 2 and x + y = 10 form a system.
294	Substituting a Given Expression
295	<div class='ex-legend'><span class='ex-purple'>PURPLE</span> = the expression you substitute, <span class='ex-blue'>BLUE</span> = the equation it goes into, <span class='ex-red'>RED</span> = the answer</div>
296	<span class='step-label'>Step 1:</span> Start with: y = x + 2 and x + y = 10
297	<span class='step-label'>Step 2:</span> Substitute <span class='ex-purple'>(x + 2)</span> in for y, into <span class='ex-blue'>x + y = 10</span>: x + (x + 2) = 10 → 2x = 8 → x = 4
298	<span class='step-label'>Step 3:</span> Plug x = 4 back in: y = 4 + 2 = 6. Answer: <span class='ex-red'>x = 4, y = 6</span>
299	Substituting 3x for y
300	<span class='step-label'>Step 1:</span> Start with: y = 3x and 2x + y = 20
301	<span class='step-label'>Step 2:</span> Substitute <span class='ex-purple'>3x</span> in for y, into <span class='ex-blue'>2x + y = 20</span>: 2x + 3x = 20 → 5x = 20 → x = 4
302	<span class='step-label'>Step 3:</span> Plug x = 4 back in: y = 3(4) = 12. Answer: <span class='ex-red'>x = 4, y = 12</span>
303	<div class='ex-notice'>Notice: the purple expression replaces that variable wherever it shows up in the blue equation.</div>
304	y = x + 1  and  x + y = 9
305	Substitute (x + 1) in for y: x + (x + 1) = 9
306	Plug back in: y = 4 + 1 = 5
307	Substitute (x + 1) in for y: x + (x + 1) = 9 → 2x + 1 = 9 → x = {{}}
308	Plug x = 4 back in: y = 4 + 1 = {{}}
309	x + y = 14  and  x − y = 4
310	Add the two equations — the y's cancel: 2x = 18
311	Plug back in: 9 + y = 14 → y = 5
312	Add the two equations — the y's cancel: 2x = 18 → x = {{}}
313	Plug x = 9 back in: 9 + y = 14 → y = {{}}
314	y = 3x − 1  and  x + y = 11
315	Substitute (3x − 1) in for y: x + (3x − 1) = 11
316	Plug back in: y = 3(3) − 1 = 8
317	Substitute (3x − 1) in for y: x + (3x − 1) = 11 → 4x − 1 = 11 → x = {{}}
318	Plug x = 3 back in: y = 3(3) − 1 = {{}}
319	y = x − 10  and  x + y = 4  (watch the signs!)
320	Substitute (x − 10) in for y: x + (x − 10) = 4
321	Plug back in: y = 7 − 10 = -3
322	Substitute (x − 10) in for y: x + (x − 10) = 4 → 2x − 10 = 4 → x = {{}}
323	Plug x = 7 back in: y = 7 − 10 = {{}}
324	y = x + 3  and  x + y = 11
325	Substitute (x + 3) in for y: x + (x + 3) = 11
326	Plug x = 4 back in: y = 4 + 3 = 7
327	y = 2x  and  3x + y = 25
328	Substitute 2x in for y: 3x + 2x = 25
329	Plug x = 5 back in: y = 2(5) = 10
330	x + y = 12  and  x − y = 2
331	Add the two equations straight down — the y's cancel: 2x = 14
332	Plug x = 7 back in: 7 + y = 12 → y = 5
333	2x + y = 9  and  y = x − 3
334	Substitute (x − 3) in for y: 2x + (x − 3) = 9
335	Plug x = 4 back in: y = 4 − 3 = 1
336	3x − y = 7  and  y = 2x − 5
337	Substitute (2x − 5) in for y: 3x − (2x − 5) = 7
338	Plug x = 2 back in: y = 2(2) − 5 = −1
339	x + 2y = 10  and  x − y = 1
340	Solve the second equation for x: x = 1 + y
341	Substitute: (1 + y) + 2y = 10 → 3y = 9 → y = 3
342	Plug y = 3 back in: x = 1 + 3 = 4
343	Simplifying Rational Expressions
344	The gateway skill to rational equations and functions, used in science formulas for rates and densities.
345	Factor the numerator and the denominator completely. Cancel any factor that appears on BOTH the top and bottom. Then state the restriction: whatever x-value would make the ORIGINAL (unfactored) denominator equal 0 has to stay off-limits, even after that factor cancels.
346	Numerator
347	The top number or expression in a fraction.
348	In <span class='frac'><span class='frac-num'>3</span><span class='frac-den'>4</span></span>, the numerator is 3.
349	Denominator
350	The bottom number or expression in a fraction.
351	In <span class='frac'><span class='frac-num'>3</span><span class='frac-den'>4</span></span>, the denominator is 4.
352	Canceling a Common Factor
353	<div class='ex-legend'><span class='ex-purple'>PURPLE</span> = the factor that cancels, <span class='ex-blue'>BLUE</span> = the restriction it creates, <span class='ex-red'>RED</span> = the answer</div>
354	<span class='step-label'>Step 1:</span> Factor the top: <span class='frac'><span class='frac-num'>x² − 9</span><span class='frac-den'>x + 3</span></span> → <span class='frac'><span class='frac-num'>(x − 3)(<span class='ex-purple'>x + 3</span>)</span><span class='frac-den'><span class='ex-purple'>x + 3</span></span></span>
355	<span class='step-label'>Step 2:</span> Cancel the matching <span class='ex-purple'>(x + 3)</span> on top and bottom
356	<span class='step-label'>Step 3:</span> Restriction: <span class='ex-blue'>x + 3</span> = 0 when x = −3
357	<span class='step-label'>Step 4:</span> Answer: <span class='ex-red'>x − 3, where x ≠ −3</span>
358	Another Cancel
359	<span class='step-label'>Step 1:</span> Factor the top: <span class='frac'><span class='frac-num'>x² − 4</span><span class='frac-den'>x − 2</span></span> → <span class='frac'><span class='frac-num'>(<span class='ex-purple'>x − 2</span>)(x + 2)</span><span class='frac-den'><span class='ex-purple'>x − 2</span></span></span>
360	<span class='step-label'>Step 2:</span> Cancel the matching <span class='ex-purple'>(x − 2)</span> on top and bottom
361	<span class='step-label'>Step 3:</span> Restriction: <span class='ex-blue'>x − 2</span> = 0 when x = 2
362	<span class='step-label'>Step 4:</span> Answer: <span class='ex-red'>x + 2, where x ≠ 2</span>
363	<div class='ex-notice'>Notice: the purple factor cancels, but its blue restriction still carries over from the ORIGINAL denominator.</div>
364	x − 6, where x ≠ −6
365	Factor the top: (x − 6)(x + 6)
366	Cancel the matching (x + 6).
367	Restriction: x + 6 = 0 when x = −6.
368	Answer: x − 6, where x ≠ −6
369	Factor the top: (x − 6)({{}})
370	Cancel the matching (x + 6). What's left: {{}}
371	Restriction: x + 6 = 0 when x = {{}}
372	x - 6, where x != -6
373	x + 5, where x ≠ 0
374	Factor the top: x(x + 5)
375	Cancel the matching x.
376	Restriction: x = 0.
377	Answer: x + 5, where x ≠ 0
378	Factor the top: x({{}})
379	Cancel the matching x. What's left: {{}}
380	Restriction: x = {{}}
381	x + 5, where x != 0
382	x + 3, where x ≠ 2
383	Factor the top: (x + 3)(x − 2)
384	Cancel the matching (x − 2).
385	Restriction: x − 2 = 0 when x = 2.
386	Answer: x + 3, where x ≠ 2
387	Factor the top: (x + 3)({{}})
388	Cancel the matching (x − 2). What's left: {{}}
389	Restriction: x − 2 = 0 when x = {{}}
390	x + 3, where x != 2
391	x − 4, where x ≠ −4
392	Factor the top (difference of squares): (x − 4)(x + 4)
393	Cancel the matching (x + 4) on top and bottom.
394	Restriction: the original denominator x + 4 = 0 when x = −4.
395	Answer: x − 4, where x ≠ −4
396	x − 5, where x ≠ 0
397	Factor the top: x(x − 5)
398	Cancel the matching x on top and bottom.
399	Restriction: the original denominator x = 0.
400	Answer: x − 5, where x ≠ 0
401	x + 5, where x ≠ 2
402	Factor the top: (x + 5)(x − 2)
403	Cancel the matching (x − 2) on top and bottom.
404	Restriction: the original denominator x − 2 = 0 when x = 2.
405	Answer: x + 5, where x ≠ 2
406	x + 4, where x ≠ 0
407	Factor the top: 2x(x + 4)
408	Cancel the matching 2x on top and bottom.
409	Restriction: the original denominator 2x = 0 when x = 0.
410	Answer: x + 4, where x ≠ 0
411	x + 7, where x ≠ 7
412	Factor the top (difference of squares): (x − 7)(x + 7)
413	Cancel the matching (x − 7) on top and bottom.
414	Restriction: the original denominator x − 7 = 0 when x = 7.
415	Answer: x + 7, where x ≠ 7
416	x + 4, where x ≠ −3
417	Factor the top: (x + 3)(x + 4)
418	Cancel the matching (x + 3) on top and bottom.
419	Restriction: the original denominator x + 3 = 0 when x = −3.
420	Answer: x + 4, where x ≠ −3
421	Compound Inequalities
422	Describes a "between" situation — like a temperature range or a passing score range — with two boundaries.
423	Whatever you do, do it to ALL THREE parts at once (add, subtract, multiply, or divide) to get x alone in the middle. If you multiply or divide by a negative number, flip BOTH inequality signs. When two inequalities are joined by the word "or" instead of sandwiched together, they aren't one three-part compound — solve each one completely on its own and keep both pieces of the answer.
424	Compound Inequality
425	Two inequalities combined into one statement, often a value sandwiched between two boundaries.
426	−3 < x < 5 means x is between −3 and 5.
427	A Sandwiched Inequality
428	<div class='ex-legend'><span class='ex-purple'>PURPLE</span> = what you do to ALL THREE parts, <span class='ex-blue'>BLUE</span> = whether signs flip, <span class='ex-red'>RED</span> = the answer</div>
429	<span class='step-label'>Step 1:</span> Start with: −3 < 2x + 1 < 9
430	<span class='step-label'>Step 2:</span> <span class='ex-purple'>Subtract 1 from</span> all three parts: −4 < 2x < 8
431	<span class='step-label'>Step 3:</span> <span class='ex-purple'>Divide</span> all three parts by 2 <span class='ex-blue'>(positive, no flip)</span>: −2 < x < 4
432	<span class='step-label'>Step 4:</span> Answer: <span class='ex-red'>−2 < x < 4</span>
433	Another One
434	<span class='step-label'>Step 1:</span> Start with: 2 ≤ x + 3 ≤ 9
435	<span class='step-label'>Step 2:</span> <span class='ex-purple'>Subtract 3 from</span> all three parts: −1 ≤ x ≤ 6
436	<span class='step-label'>Step 3:</span> Answer: <span class='ex-red'>−1 ≤ x ≤ 6</span>
437	<div class='ex-notice'>Notice: whatever you do (purple), you do it to all three parts at once — and dividing by a negative still flips both signs (blue).</div>
438	Joined by "or" Instead of Sandwiched
439	<span class='step-label'>Step 1:</span> x − 2 < 1  or  2x + 1 > 11 — these are two SEPARATE inequalities, not one sandwich.
440	<span class='step-label'>Step 2:</span> Solve the first on its own: x − 2 < 1 → x < 3
441	<span class='step-label'>Step 3:</span> Solve the second on its own: 2x + 1 > 11 → 2x > 10 → x > 5
442	<span class='step-label'>Step 4:</span> Answer: <span class='ex-red'>x < 3  or  x > 5</span>
443	<div class='ex-notice'>Notice: with "or", you solve each piece completely separately — the answer stays as two separate ranges, not one middle range.</div>
444	Subtract 1 from ALL THREE parts — watch it happen:###BAL:−4,x + 1,6;<,<;−1,−1,−1;−5,x,5###
445	Answer: −5 < x < 5
446	Subtract 1 from all three parts: {{}} < x < {{}}
447	Divide ALL THREE parts by 3 — watch it happen:###BAL:6,3x,21;≤,≤;÷3,÷3,÷3;2,x,7###
448	Answer: 2 ≤ x ≤ 7
449	Divide all three parts by 3: {{}} ≤ x ≤ {{}}
450	Divide ALL THREE parts by −4 — BOTH signs flip:###BAL:−8,−4x,8;<,<;÷−4,÷−4,÷−4;2,x,−2;>,>###
451	Rewritten in order: −2 < x < 2
452	Divide all three parts by −4 — do the signs flip? {{}}
453	yes
454	Rewritten in order: {{}} < x < {{}}
455	These are two SEPARATE inequalities joined by "or" — solve each one completely on its own.
456	First one: x + 3 < 2 → x < -1
457	Second one: 2x − 1 > 9 → 2x > 10 → x > 5
458	Step 1 (first inequality)
459	Step 2 (second inequality)
460	Subtract 2 from ALL THREE parts — watch it happen:###BAL:−5,x + 2,7;<,<;−2,−2,−2;−7,x,5###
461	Answer: −7 < x < 5
462	Divide ALL THREE parts by 2 — watch it happen:###BAL:4,2x,16;≤,≤;÷2,÷2,÷2;2,x,8###
463	Answer: 2 ≤ x ≤ 8
464	Add 4 to ALL THREE parts:###BAL:−1,3x − 4,11;<,<;+4,+4,+4;3,3x,15###
465	Now divide ALL THREE parts by 3:###BAL:3,3x,15;<,<;÷3,÷3,÷3;1,x,5###
466	Answer: 1 < x < 5
467	These are two SEPARATE inequalities — solve each one on its own.
468	First one:###BAL:2x + 1,5;<;−1,−1;2x,4;### then###BAL:2x,4;<;÷2,÷2;x,2###
469	Second one:###BAL:3x − 2,13;>;+2,+2;3x,15;### then###BAL:3x,15;>;÷3,÷3;x,5###
470	Answer: x < 2 or x > 5
471	Add 1 to ALL THREE parts — watch it happen:###BAL:−6,x − 1,6;≤,≤;+1,+1,+1;−5,x,7###
472	Answer: −5 ≤ x ≤ 7
473	−10 < −2x < 4  (divide by a negative!)
474	Divide ALL THREE parts by −2 — BOTH signs flip:###BAL:−10,−2x,4;<,<;÷−2,÷−2,÷−2;5,x,−2;>,>###
475	Rewritten left-to-right: −2 < x < 5
476	Systems — Elimination
477	Often faster than substitution and the method you'll reach for most in later math courses.
478	Line the two equations up. If one variable's coefficients are exact opposites (like +y and −y), ADD the equations to cancel it. If they're identical, SUBTRACT instead. Solve for the variable that's left, then plug that answer into either original equation to find the other.
479	Elimination
480	Solving a system by adding or subtracting the equations so one variable cancels out.
481	Adding (x+y=5) and (x−y=1) cancels y, leaving 2x=6.
482	Adding to Eliminate
483	<div class='ex-legend'><span class='ex-purple'>PURPLE</span> = the matching/opposite pair, <span class='ex-blue'>BLUE</span> = what cancels, <span class='ex-red'>RED</span> = the answer</div>
484	<span class='step-label'>Step 1:</span> Line up: 2x + y = 11 and x − y = 1 — <span class='ex-purple'>the y's are opposites (+y and −y)</span>
485	<span class='step-label'>Step 2:</span> ADD the equations straight down — <span class='ex-blue'>y</span> cancels: 3x = 12 → x = 4
486	<span class='step-label'>Step 3:</span> Plug x = 4 back in: 4 + y = 11 → y = 3. Answer: <span class='ex-red'>x = 4, y = 3</span>
487	Adding Again
488	<span class='step-label'>Step 1:</span> Line up: x + y = 10 and x − y = 2 — <span class='ex-purple'>the y's are opposites</span>
489	<span class='step-label'>Step 2:</span> ADD the equations — <span class='ex-blue'>y</span> cancels: 2x = 12 → x = 6
490	<span class='step-label'>Step 3:</span> Plug x = 6 back in: 6 + y = 10 → y = 4. Answer: <span class='ex-red'>x = 6, y = 4</span>
491	<div class='ex-notice'>Notice: opposites (purple) mean ADD to cancel; matching signs mean SUBTRACT instead.</div>
492	x + y = 7  and  x − y = 1
493	The y's are opposites — ADD the equations: 2x = 8
494	Plug back in: 4 + y = 7 → y = 3
495	Are the y's opposite or matching? {{}} — so you should {{}} the equations
496	opposite
497	matching
498	Plug back in: 4 + y = 7 → y = {{}}
499	2x + 3y = 12  and  2x − 3y = 0
500	The y's are opposites — ADD the equations: 4x = 12
501	Plug back in: 2(3) + 3y = 12 → 3y = 6 → y = 2
502	The y's are opposite, so ADD the equations: 4x = 12 → x = {{}}
503	Plug back in: 2(3) + 3y = 12 → y = {{}}
504	3x + y = 11  and  x + y = 5
505	The y's match — SUBTRACT the equations: 2x = 6
506	Plug back in: 3 + y = 5 → y = 2
507	Plug back in: 3 + y = 5 → y = {{}}
508	x + y = 9  and  x − y = 3
509	The y's are opposites — ADD the equations: 2x = 12
510	Plug back in: 6 + y = 9 → y = 3
511	2x + y = 13  and  x − y = 2
512	The y's are opposites — ADD the equations: 3x = 15
513	Plug back in: 5 − y = 2 → y = 3
514	3x + 2y = 16  and  3x − 2y = 8
515	The y's are opposites — ADD the equations: 6x = 24
516	Plug back in: 3(4) + 2y = 16 → 2y = 4 → y = 2
517	4x + y = 18  and  2x + y = 10
518	The y's match — SUBTRACT the equations: 2x = 8
519	Plug back in: 2(4) + y = 10 → y = 2
520	x + 3y = 11  and  x + y = 5
521	The x's match — SUBTRACT the equations: 2y = 6
522	Plug back in: x + 3 = 5 → x = 2
523	5x − 2y = 16  and  3x + 2y = 16
524	The y's are opposites — ADD the equations: 8x = 32
525	Binomial × Trinomial
526	Builds on FOIL and shows up in geometry (area/volume expressions) and polynomial division.
527	Distribute every term in the first parentheses across every term in the second one (same idea as FOIL, just more terms to track). Then combine any like terms to get the final answer.
528	Binomial
529	A polynomial with exactly two terms.
530	x + 3 is a binomial.
531	Trinomial
532	A polynomial with exactly three terms.
533	x² + 2x + 3 is a trinomial.
534	Distributing Across a Trinomial
535	<div class='ex-legend'><span class='ex-purple'>PURPLE</span> = the first term you distribute, <span class='ex-blue'>BLUE</span> = the second term you distribute, <span class='ex-red'>RED</span> = the answer</div>
536	<span class='step-label'>Step 1:</span> Start with: (x + 2)(x² + 3x + 4)
537	<span class='step-label'>Step 2:</span> Distribute <span class='ex-purple'>x</span> across every term: x³ + 3x² + 4x
538	<span class='step-label'>Step 3:</span> Distribute <span class='ex-blue'>2</span> across every term: 2x² + 6x + 8
539	<span class='step-label'>Step 4:</span> Combine like terms: x³ + (3x²+2x²) + (4x+6x) + 8 = <span class='ex-red'>x³ + 5x² + 10x + 8</span>
540	<span class='step-label'>Step 1:</span> Start with: (x + 1)(x² + x + 2)
541	<span class='step-label'>Step 2:</span> Distribute <span class='ex-purple'>x</span>: x³ + x² + 2x
542	<span class='step-label'>Step 3:</span> Distribute <span class='ex-blue'>1</span>: x² + x + 2
543	<span class='step-label'>Step 4:</span> Combine like terms: <span class='ex-red'>x³ + 2x² + 3x + 2</span>
544	<div class='ex-notice'>Notice: every term in the binomial (purple, blue) distributes across every term in the trinomial — nothing gets skipped.</div>
545	Distribute x: x³ + x² + x
546	Distribute 2: 2x² + 2x + 2
547	Combine like terms: x³ + 3x² + 3x + 2
548	Distribute x: {{}}
549	Distribute 2: {{}}
550	Add the matching terms: x² terms 1x² + 2x² = {{}}, x terms 1x + 2x = {{}}
551	Distribute x: x³ + 2x² + 4x
552	Distribute −3: −3x² − 6x − 12
553	Combine like terms: x³ − x² − 2x − 12
554	Distribute −3: {{}}
555	Add the matching terms: x² terms 2x² − 3x² = {{}}, x terms 4x − 6x = {{}}
556	Distribute 2x: 2x³ − 2x² + 4x
557	Distribute 3: 3x² − 3x + 6
558	Combine like terms: 2x³ + x² + x + 6
559	Distribute 2x: {{}}
560	Distribute 3: {{}}
561	Add the matching terms: x² terms −2x² + 3x² = {{}}, x terms 4x − 3x = {{}}
562	(x + 1)(x² − x + 1)  (watch what cancels!)
563	Distribute x: x³ − x² + x
564	Distribute 1: x² − x + 1
565	Combine like terms — most of the middle terms cancel: x³ + 1
566	Distribute 1: {{}}
567	Add the matching terms: x² terms −x² + x² = {{}}, x terms x − x = {{}}
568	Combine like terms (most of it cancels): {{}}
569	Distribute x: x³ + 2x² + 3x
570	Distribute 1: x² + 2x + 3
571	Combine like terms: x³ + 3x² + 5x + 3
572	Distribute x: x³ − 2x² + 5x
573	Distribute 3: 3x² − 6x + 15
574	Combine like terms: x³ + x² − x + 15
575	Distribute x: x³ + 4x² + x
576	Distribute −2: −2x² − 8x − 2
577	Combine like terms: x³ + 2x² − 7x − 2
578	Distribute 2x: 2x³ + 2x² + 6x
579	Distribute 1: x² + x + 3
580	Combine like terms: 2x³ + 3x² + 7x + 3
581	Distribute −1: −x² − x − 1
582	Combine like terms — everything cancels except: x³ − 1
583	Distribute x: x³ − 3x² + 2x
584	Distribute 4: 4x² − 12x + 8
585	Combine like terms: x³ + x² − 10x + 8
586	GCF Factoring
587	Always the first thing to check — skipping it is the single most common factoring mistake.
588	Find the greatest number that divides every coefficient evenly, and the smallest power of the variable that shows up in EVERY term — together that's the GCF. Divide each term by the GCF and write the GCF out front, with what's left in parentheses.
589	Coefficient
590	The number multiplied in front of a variable.
591	In 6x², the coefficient is 6.
592	GCF (Greatest Common Factor)
593	The largest expression that divides evenly into every term.
594	The GCF of 6x² and 9x is 3x.
595	Factoring Out the GCF
596	<div class='ex-legend'><span class='ex-purple'>PURPLE</span> = the GCF you pull out, <span class='ex-blue'>BLUE</span> = what's left behind, <span class='ex-red'>RED</span> = the answer</div>
597	<span class='step-label'>Step 1:</span> Start with: 6x² + 9x
598	<span class='step-label'>Step 2:</span> GCF of 6 and 9 is 3; both terms have an x → GCF = <span class='ex-purple'>3x</span>
599	<span class='step-label'>Step 3:</span> Divide each term by 3x: <span class='ex-blue'>2x and 3</span>
600	<span class='step-label'>Step 4:</span> Answer: <span class='ex-red'>3x(2x + 3)</span>
601	<span class='step-label'>Step 1:</span> Start with: 8x³ + 12x²
602	<span class='step-label'>Step 2:</span> GCF of 8 and 12 is 4; smallest power of x in both is x² → GCF = <span class='ex-purple'>4x²</span>
603	<span class='step-label'>Step 3:</span> Divide each term by 4x²: <span class='ex-blue'>2x and 3</span>
604	<span class='step-label'>Step 4:</span> Answer: <span class='ex-red'>4x²(2x + 3)</span>
605	<div class='ex-notice'>Notice: the purple GCF goes out front, and the blue leftovers go inside the parentheses.</div>
606	GCF of 6 and 15 is 3; both terms have at least one x → GCF = 3x
607	Divide each term by 3x: 2x and 5
608	Answer: 3x(2x + 5)
609	GCF of the coefficients 6 and 15: {{}}
610	Full GCF (with the variable): {{}}
611	Divide each term by 3x: {{}} and {{}}
612	GCF of 20 and 30 is 10; both terms have at least one x → GCF = 10x
613	Divide each term by 10x: 2x and −3
614	Answer: 10x(2x − 3)
615	GCF of the coefficients 20 and 30: {{}}
616	Divide each term by 10x: {{}} and {{}}
617	GCF of 18 and 24 is 6; smallest power of x in both is x² → GCF = 6x²
618	Divide each term by 6x²: 3x and 4
619	Answer: 6x²(3x + 4)
620	GCF of the coefficients 18 and 24: {{}}
621	Full GCF (smallest power of x in both is x²): {{}}
622	Divide each term by 6x²: {{}} and {{}}
623	GCF of 4 and 8 is 4; both terms have at least one x → GCF = 4x
624	Divide each term by 4x: x and 2
625	Answer: 4x(x + 2)
626	GCF of 10 and 15 is 5; both terms have at least one x → GCF = 5x
627	Divide each term by 5x: 2x and −3
628	Answer: 5x(2x − 3)
629	GCF of 12 and 18 is 6; smallest power of x in both terms is x² → GCF = 6x²
630	Divide each term by 6x²: 2x and 3
631	Answer: 6x²(2x + 3)
632	GCF of 9 and 27 is 9; both terms have at least one x → GCF = 9x
633	Divide each term by 9x: x and 3
634	Answer: 9x(x + 3)
635	GCF of 14 and 21 is 7; both terms have at least one x → GCF = 7x
636	Divide each term by 7x: 2x and −3
637	Answer: 7x(2x − 3)
638	GCF of 16 and 24 is 8; smallest power of x in both terms is x² → GCF = 8x²
639	Divide each term by 8x²: 2x and −3
640	Answer: 8x²(2x − 3)
641	Difference of Squares
642	A pattern worth memorizing — it appears constantly in factoring and simplifying rational expressions.
643	One perfect square MINUS another perfect square always factors into (a − b)(a + b). Take the square root of the first term to get a, and the square root of the second term to get b, then drop them straight into that pattern.
644	An expression in the form a² − b², which always factors into (a − b)(a + b).
645	A Basic Case
646	<div class='ex-legend'><span class='ex-purple'>PURPLE</span> = the square root of the first term, <span class='ex-blue'>BLUE</span> = the square root of the second term, <span class='ex-red'>RED</span> = the answer</div>
647	<span class='step-label'>Step 1:</span> Start with: x² − 16 = x² − 4²
648	<span class='step-label'>Step 3:</span> Drop into the pattern a² − b² = (a − b)(a + b): <span class='ex-red'>(x − 4)(x + 4)</span>
649	<span class='step-label'>Step 1:</span> Start with: x² − 36 = x² − 6²
650	<span class='step-label'>Step 3:</span> Drop into the pattern: <span class='ex-red'>(x − 6)(x + 6)</span>
651	<div class='ex-notice'>Notice: the purple and blue square roots always end up as a MINUS pair and a PLUS pair — same two numbers, opposite signs.</div>
652	Square root of x² is x; square root of 4 is 2.
653	Pattern: a² − b² = (a − b)(a + b)
654	Answer: (x − 2)(x + 2)
655	Square root of x²: {{}}
656	Square root of 4: {{}}
657	Square root of 16x² is 4x; square root of 25 is 5.
658	Answer: (4x − 5)(4x + 5)
659	Square root of 16x²: {{}}
660	Square root of 25: {{}}
661	Square root of x² is x; square root of 100 is 10.
662	Answer: (x − 10)(x + 10)
663	Square root of 100: {{}}
664	Square root of x² is x; square root of 25 is 5.
665	Answer: (x − 5)(x + 5)
666	Square root of x² is x; square root of 49 is 7.
667	Answer: (x − 7)(x + 7)
668	Square root of 4x² is 2x; square root of 9 is 3.
669	Answer: (2x − 3)(2x + 3)
670	Square root of 9x² is 3x; square root of 16 is 4.
671	Answer: (3x − 4)(3x + 4)
672	Square root of x² is x; square root of 1 is 1.
673	Answer: (x − 1)(x + 1)
674	Square root of 25x² is 5x; square root of 36 is 6.
675	Answer: (5x − 6)(5x + 6)
676	Factoring (Leading Coefficient)
677	Most real trinomials you'll factor have a number in front of x² — this is the method you'll use most.
678	The "ac method": multiply a × c. Find two numbers that multiply to that product AND add to b. Split the middle term using those two numbers, group the four terms into two pairs, and factor each pair — you should get the same binomial in both. Factor that common binomial out. It doesn't matter which of the two numbers you write first when you split the middle term — grouping ends up at the same factored answer either way.
679	Leading Coefficient
680	The coefficient of the highest-power term in a polynomial.
681	In 2x² + 5x + 2, the leading coefficient is 2.
682	The ac Method
683	<div class='ex-legend'><span class='ex-purple'>PURPLE</span> = the two numbers you find, <span class='ex-blue'>BLUE</span> = the grouped pairs, <span class='ex-red'>RED</span> = the answer</div>
684	<span class='step-label'>Step 1:</span> Start with: 2x² + 7x + 3 → a×c = 2×3 = 6
685	<span class='step-label'>Step 2:</span> Two numbers that multiply to 6 and add to 7: <span class='ex-purple'>1 and 6</span>
686	<span class='step-label'>Step 3:</span> Split the middle term and group: <span class='ex-blue'>x(2x+1) + 3(2x+1)</span>
687	<span class='step-label'>Step 4:</span> Factor out the common binomial: <span class='ex-red'>(2x+1)(x+3)</span>
688	<span class='step-label'>Step 1:</span> Start with: 3x² + 7x + 2 → a×c = 3×2 = 6
689	<span class='step-label'>Step 3:</span> Split the middle term and group: <span class='ex-blue'>x(3x+1) + 2(3x+1)</span>
690	<span class='step-label'>Step 4:</span> Factor out the common binomial: <span class='ex-red'>(3x+1)(x+2)</span>
691	<div class='ex-notice'>Notice: the purple pair always has to BOTH multiply to a×c AND add to b — check both before splitting.</div>
692	a × c = 2 × 4 = 8. Two numbers that multiply to 8 and add to 9: 1 and 8
693	Split the middle term: 2x² + 1x + 8x + 4
694	Group and factor each pair: x(2x + 1) + 4(2x + 1)
695	Factor out the common (2x + 1): (2x + 1)(x + 4)
696	Step 2 (order doesn't matter)
697	Two numbers that multiply to 8 and add to 9: {{}} and {{}}
698	Step 3 (use your two numbers, any order)
699	Split the middle term: 2x² + {{}}x + {{}}x + 4
700	a × c = 3 × 4 = 12. Two numbers that multiply to 12 and add to 8: 2 and 6
701	Split the middle term: 3x² + 2x + 6x + 4
702	Group and factor each pair: x(3x + 2) + 2(3x + 2)
703	Factor out the common (3x + 2): (3x + 2)(x + 2)
704	Two numbers that multiply to 12 and add to 8: {{}} and {{}}
705	Split the middle term: 3x² + {{}}x + {{}}x + 4
706	a × c = 2 × −6 = −12. Two numbers that multiply to −12 and add to 1: 4 and −3
707	Split the middle term: 2x² + 4x − 3x − 6
708	Group and factor each pair: 2x(x + 2) − 3(x + 2)
709	Factor out the common (x + 2): (2x − 3)(x + 2)
710	Two numbers that multiply to −12 and add to 1: {{}} and {{}}
711	Split the middle term: 2x² + {{}}x + {{}}x − 6
712	a × c = 2 × 2 = 4. Two numbers that multiply to 4 and add to 5: 1 and 4
713	Split the middle term: 2x² + 1x + 4x + 2
714	Group and factor each pair: x(2x + 1) + 2(2x + 1)
715	Factor out the common (2x + 1): (2x + 1)(x + 2)
716	a × c = 3 × 3 = 9. Two numbers that multiply to 9 and add to 10: 1 and 9
717	Split the middle term: 3x² + 1x + 9x + 3
718	Group and factor each pair: x(3x + 1) + 3(3x + 1)
719	Factor out the common (3x + 1): (3x + 1)(x + 3)
720	a × c = 2 × 6 = 12. Two numbers that multiply to 12 and add to 7: 3 and 4
721	Split the middle term: 2x² + 3x + 4x + 6
722	Group and factor each pair: x(2x + 3) + 2(2x + 3)
723	Factor out the common (2x + 3): (2x + 3)(x + 2)
724	a × c = 3 × 2 = 6. Two numbers that multiply to 6 and add to 5: 2 and 3
725	Split the middle term: 3x² + 2x + 3x + 2
726	Group and factor each pair: x(3x + 2) + 1(3x + 2)
727	Factor out the common (3x + 2): (3x + 2)(x + 1)
728	a × c = 2 × −3 = −6. Two numbers that multiply to −6 and add to −5: 1 and −6
729	Split the middle term: 2x² + 1x − 6x − 3
730	Group and factor each pair: x(2x + 1) − 3(2x + 1)
731	Factor out the common (2x + 1): (2x + 1)(x − 3)
732	a × c = 4 × −3 = −12. Two numbers that multiply to −12 and add to 4: 6 and −2
733	Split the middle term: 4x² + 6x − 2x − 3
734	Group and factor each pair: 2x(2x + 3) − 1(2x + 3)
735	Factor out the common (2x + 3): (2x + 3)(2x − 1)
736	Completing the Square
737	Also used to find the vertex of a parabola, and it's how the quadratic formula itself is derived.
738	Move the constant to the other side. Take HALF of the x-coefficient, square it, and add that number to BOTH sides. The left side is now a perfect square — write it as (x + that half)². Take the square root of both sides (don't forget ±), then solve both cases.
739	Perfect Square Trinomial
740	A trinomial that factors into (x + n)² for some number n.
741	<div class='ex-legend'><span class='ex-purple'>PURPLE</span> = half the x-coefficient, squared, <span class='ex-blue'>BLUE</span> = added to both sides, <span class='ex-red'>RED</span> = the answer</div>
742	<span class='step-label'>Step 1:</span> Move the constant: x² + 6x + 5 = 0 → x² + 6x = −5
743	<span class='step-label'>Step 2:</span> Half of 6 is 3, squared is <span class='ex-purple'>9</span> — add it to <span class='ex-blue'>BOTH sides</span>: (x + 3)² = 4
744	<span class='step-label'>Step 3:</span> Square root both sides (don't forget ±): x + 3 = ±2
745	<span class='step-label'>Step 4:</span> Answer: <span class='ex-red'>x = −1 or x = −5</span>
746	<span class='step-label'>Step 1:</span> Move the constant: x² − 2x − 3 = 0 → x² − 2x = 3
747	<span class='step-label'>Step 2:</span> Half of −2 is −1, squared is <span class='ex-purple'>1</span> — add it to <span class='ex-blue'>BOTH sides</span>: (x − 1)² = 4
748	<span class='step-label'>Step 3:</span> Square root both sides: x − 1 = ±2
749	<span class='step-label'>Step 4:</span> Answer: <span class='ex-red'>x = 3 or x = −1</span>
750	<div class='ex-notice'>Notice: the purple number (half the x-coefficient, squared) always gets added to both sides to make a perfect square.</div>
751	When the Number Isn't a Perfect Square
752	<span class='step-label'>Step 1:</span> Move the constant: x² + 4x − 1 = 0 → x² + 4x = 1
753	<span class='step-label'>Step 2:</span> Half of 4 is 2, squared is 4 — add it to BOTH sides: (x + 2)² = 5
754	<span class='step-label'>Step 3:</span> Square root both sides: x + 2 = ±√5 — 5 isn't a perfect square, so the radical just stays.
755	<span class='step-label'>Step 4:</span> Answer: <span class='ex-red'>x = −2 ± √5</span>
756	<div class='ex-notice'>Notice: not every completed square gives a whole-number answer — when the number left under the root isn't a perfect square, leave it as a radical instead of forcing a decimal.</div>
757	x = −2  or  x = −4
758	Move the constant: x² + 6x = −8
759	Half of 6 is 3, squared is 9 — add to both sides: (x + 3)² = 1
760	Square root both sides: x + 3 = ±1
761	Answer: x = −2 or x = −4
762	Move the constant: x² + 6x = {{}}
763	Half of 6 is 3, squared is {{}} — add to both sides: (x + 3)² = {{}}
764	Square root both sides: x + 3 = ±{{}}
765	x = -2 or x = -4
766	x = 5  or  x = 3
767	Move the constant: x² − 8x = −15
768	Half of −8 is −4, squared is 16 — add to both sides: (x − 4)² = 1
769	Square root both sides: x − 4 = ±1
770	Answer: x = 5 or x = 3
771	Move the constant: x² − 8x = {{}}
772	Half of −8 is −4, squared is {{}} — add to both sides: (x − 4)² = {{}}
773	Square root both sides: x − 4 = ±{{}}
774	x = 5 or x = 3
775	x = 2  or  x = −4
776	Move the constant: x² + 2x = 8
777	Half of 2 is 1, squared is 1 — add to both sides: (x + 1)² = 9
778	Square root both sides: x + 1 = ±3
779	Answer: x = 2 or x = −4
780	Move the constant: x² + 2x = {{}}
781	Half of 2 is 1, squared is {{}} — add to both sides: (x + 1)² = {{}}
782	Square root both sides: x + 1 = ±{{}}
783	x = 2 or x = -4
784	x² + 2x − 1 = 0  (leave a √ in it)
785	Move the constant: x² + 2x = 1
786	Half of 2 is 1, squared is 1 — add to both sides: (x + 1)² = 2
787	Square root both sides — 2 isn't a perfect square, so leave the radical: x + 1 = ±√2
788	Answer: x = −1 ± √2
789	Step 3 (2 isn't a perfect square — leave the radical)
790	Square root both sides: x + 1 = ±√{{}}
791	x = 1  or  x = −5
792	Move the constant: x² + 4x = 5
793	Half of 4 is 2, squared is 4 — add to both sides: (x + 2)² = 9
794	Square root both sides: x + 2 = ±3
795	Answer: x = 1 or x = −5
796	x = 4  or  x = −2
797	Move the constant: x² − 2x = 8
798	Half of −2 is −1, squared is 1 — add to both sides: (x − 1)² = 9
799	Square root both sides: x − 1 = ±3
800	Answer: x = 4 or x = −2
801	x = −1  or  x = −7
802	Move the constant: x² + 8x = −7
803	Half of 8 is 4, squared is 16 — add to both sides: (x + 4)² = 9
804	Square root both sides: x + 4 = ±3
805	Answer: x = −1 or x = −7
806	x = 5  or  x = 1
807	Move the constant: x² − 6x = −5
808	Half of −6 is −3, squared is 9 — add to both sides: (x − 3)² = 4
809	Square root both sides: x − 3 = ±2
810	Answer: x = 5 or x = 1
811	x = 3  or  x = −5
812	Move the constant: x² + 2x = 15
813	Half of 2 is 1, squared is 1 — add to both sides: (x + 1)² = 16
814	Square root both sides: x + 1 = ±4
815	Answer: x = 3 or x = −5
816	Move the constant: x² − 4x = 12
817	Half of −4 is −2, squared is 4 — add to both sides: (x − 2)² = 16
818	Square root both sides: x − 2 = ±4
819	x² + 2x − 4 = 0  (leave a √ in it)
820	Move the constant: x² + 2x = 4
821	Half of 2 is 1, squared is 1 — add to both sides: (x + 1)² = 5
822	Square root both sides (not a perfect square, so keep the √): x + 1 = ±√5
823	Answer: x = −1 ± √5
824	x² − 4x − 1 = 0  (leave a √ in it)
825	Move the constant: x² − 4x = 1
826	Half of −4 is −2, squared is 4 — add to both sides: (x − 2)² = 5
827	Square root both sides (not a perfect square, so keep the √): x − 2 = ±√5
828	Answer: x = 2 ± √5
829	The Quadratic Formula
830	The one method that solves ANY quadratic, even ones that don't factor nicely.
831	Write the equation as ax² + bx + c = 0 and identify a, b, and c (watch the signs!). Plug them into x = (−b ± √(b² − 4ac)) / (2a) and simplify carefully, one piece at a time.
832	Discriminant
833	The part under the square root in the quadratic formula, b² − 4ac.
834	For x² + 3x − 10 = 0, the discriminant is 9 + 40 = 49.
835	Using the Formula
836	<div class='ex-legend'><span class='ex-purple'>PURPLE</span> = a, b, c, <span class='ex-blue'>BLUE</span> = the discriminant, <span class='ex-red'>RED</span> = the answer</div>
837	<span class='step-label'>Step 1:</span> Identify <span class='ex-purple'>a, b, c</span>: 2x² + 5x − 3 = 0 → a=2, b=5, c=−3
838	<span class='step-label'>Step 2:</span> Find the <span class='ex-blue'>discriminant</span>: b²−4ac = 25−(4)(2)(−3) = <span class='ex-blue'>49</span>, √49 = 7
839	<span class='step-label'>Step 3:</span> Plug into x = <span class='frac'><span class='frac-num'>−b ± √(b²−4ac)</span><span class='frac-den'>2a</span></span> = <span class='frac'><span class='frac-num'>−5 ± 7</span><span class='frac-den'>4</span></span>
840	<span class='step-label'>Step 4:</span> Answer: <span class='ex-red'>x = 0.5 or x = −3</span>
841	<span class='step-label'>Step 1:</span> Identify <span class='ex-purple'>a, b, c</span>: x² − x − 6 = 0 → a=1, b=−1, c=−6
842	<span class='step-label'>Step 2:</span> Find the <span class='ex-blue'>discriminant</span>: 1−4(1)(−6) = <span class='ex-blue'>25</span>, √25 = 5
843	<span class='step-label'>Step 3:</span> Plug in: x = <span class='frac'><span class='frac-num'>1 ± 5</span><span class='frac-den'>2</span></span>
844	<span class='step-label'>Step 4:</span> Answer: <span class='ex-red'>x = 3 or x = −2</span>
845	<div class='ex-notice'>Notice: the blue discriminant under the √ tells you the ± split — simplify it fully before you divide.</div>
846	When the Discriminant Isn't a Perfect Square
847	<span class='step-label'>Step 1:</span> Identify a, b, c: x² + 2x − 2 = 0 → a=1, b=2, c=−2
848	<span class='step-label'>Step 2:</span> Find the discriminant: b²−4ac = 4+8 = 12 — not a perfect square, so simplify the radical instead: √12 = 2√3
849	<span class='step-label'>Step 3:</span> Plug in: x = (−2 ± 2√3) / 2 = −1 ± √3
850	<span class='step-label'>Step 4:</span> Answer: <span class='ex-red'>x = −1 ± √3</span>
851	<div class='ex-notice'>Notice: when the discriminant isn't a perfect square, simplify its radical (like √12 = 2√3) and reduce the fraction — don't round it to a decimal.</div>
852	x = 4  or  x = −3
853	Discriminant: 1 + 48 = 49, √49 = 7
854	Answer: x = 4 or x = −3
855	Discriminant: b² − 4ac = {{}}, so √ of it = {{}}
856	x = 4 or x = -3
857	x = 3  or  x = −0.5
858	Discriminant: 25 + 24 = 49, √49 = 7
859	Answer: x = 3 or x = −0.5
860	x = 3 or x = -0.5
861	x = 4  or  x = −5
862	Discriminant: 1 + 80 = 81, √81 = 9
863	Answer: x = 4 or x = −5
864	x = 4 or x = -5
865	x² + 4x + 2 = 0  (leave a √ in it)
866	Discriminant: b² − 4ac = 16 − 8 = 8 — not a perfect square, so simplify: √8 = 2√2
867	Answer: x = −2 ± √2
868	Discriminant: b² − 4ac = {{}}
869	Step 3 (simplify the radical)
870	x = 2  or  x = −5
871	Discriminant: b²−4ac = 9 + 40 = 49, √49 = 7
872	Answer: x = 2 or x = −5
873	x = 3  or  x = 0.5
874	Discriminant: b²−4ac = 49 − 24 = 25, √25 = 5
875	Answer: x = 3 or x = 0.5
876	x = 3  or  x = 2
877	Discriminant: b²−4ac = 25 − 24 = 1, √1 = 1
878	Answer: x = 3 or x = 2
879	x = 1/3  or  x = −1
880	Discriminant: b²−4ac = 4 + 12 = 16, √16 = 4
881	Answer: x = 1/3 or x = −1
882	x = −2  or  x = −5
883	Discriminant: b²−4ac = 49 − 40 = 9, √9 = 3
884	Answer: x = −2 or x = −5
885	x = 1  or  x = −2.5
886	Answer: x = 1 or x = −2.5
887	x² + 4x + 1 = 0  (leave a √ in it)
888	Discriminant: b²−4ac = 16 − 4 = 12, √12 = 2√3
889	Answer: x = −2 ± √3
890	2x² − 4x − 1 = 0  (leave a √ in it)
891	Discriminant: b²−4ac = 16 + 8 = 24, √24 = 2√6
892	Answer: x = (2 ± √6) / 2
893	Multi-Step Word Problems
894	This is where algebra becomes useful — turning a real situation into an equation is the actual point.
895	Define a variable for the unknown. Translate the words into an equation piece by piece ("% off" means multiply by (1 − the rate); consecutive integers are x, x+1, x+2…). Solve the equation, then double-check you're answering the actual question being asked.
896	Consecutive Integers
897	Whole numbers that follow one after another.
898	5, 6, 7 are consecutive integers.
899	Simple Interest
900	Interest calculated only on the original amount, using I = Prt (Principal × rate × time).
901	$500 at 4% for 3 years earns $60.
902	Percent Off
903	<div class='ex-legend'><span class='ex-purple'>PURPLE</span> = the percent you actually pay, <span class='ex-blue'>BLUE</span> = the original price, <span class='ex-red'>RED</span> = the answer</div>
904	<span class='step-label'>Step 1:</span> A $50 jacket is marked down 20% → you pay <span class='ex-purple'>80%</span> of the price
905	<span class='step-label'>Step 2:</span> Sale price = <span class='ex-blue'>50</span> × 0.80
906	<span class='step-label'>Step 3:</span> Answer: <span class='ex-red'>$40</span>
907	<div class='ex-notice'>Notice: "X% off" means you PAY (100 − X)%, not X% — a common slip.</div>
908	<span class='step-label'>Step 1:</span> Let <span class='ex-purple'>x, x+1</span> be the two consecutive integers
909	<span class='step-label'>Step 2:</span> Translate "sum is 25" into an equation: <span class='ex-blue'>x + (x+1) = 25</span>
910	<span class='step-label'>Step 3:</span> Solve: 2x + 1 = 25 → 2x = 24 → x = 12
911	<span class='step-label'>Step 4:</span> Answer: <span class='ex-red'>the integers are 12 and 13</span>
912	A $60 jacket is 30% off. Sale price?
913	30% off means you pay 70% of the original price.
914	Sale price = 60 × 0.70
915	Answer: $42
916	30% off means you pay {{}}% of the original price
917	Sale price = 60 × 0.70 = {{}}
918	Wage goes from $10 to $13. Percent increase?
919	Percent increase = (new − old) ÷ old
920	Answer: 30%
921	Write that as a percent: {{}}
922	$800 at 5% simple interest for 2 years. Interest earned?
923	Simple interest = Principal × rate × time
924	Answer: $80
925	Two consecutive integers sum to 35. Find them.
926	Let x, x+1 be the two consecutive integers.
927	Translate "sum is 35": x + (x+1) = 35
928	Solve: 2x + 1 = 35 → 2x = 34 → x = 17
929	Answer: 17, 18
930	Translate "sum is 35": x + (x+1) = {{}}
931	Solve: 2x + 1 = 35 → 2x = 34 → x = {{}}
932	The next integer is 17 + 1 = {{}}
933	A $40 shirt is 25% off. Sale price?
934	25% off means you pay 75% of the original price.
935	Sale price = 40 × 0.75
936	Answer: $30
937	Wage goes from $12 to $15. Percent increase?
938	Answer: 25%
939	A car goes 180 mi in 3 hrs. At that rate, how far in 5 hrs?
940	300 miles
941	Find the rate: 180 ÷ 3 = 60 mph
942	Multiply the rate by the new time: 60 × 5
943	Answer: 300 miles
944	Three consecutive integers sum to 72. Find them.
945	Let x, x+1, x+2 be the three integers.
946	Answer: 23, 24, 25
947	Two consecutive EVEN integers sum to 54. Find them.
948	Let x, x+2 be the two even integers.
949	Answer: 26, 28
950	$500 at 4% simple interest for 3 years. Interest earned?
951	Answer: $60
952	Graphing Linear Equations
953	Turns an equation into a picture, so you can see at a glance how steep it is and where it starts — the fastest way to compare two situations.
954	Get the equation into slope-intercept form, y = mx + b. Plot the y-intercept (b) first — that's where the line crosses the y-axis. From that point, use the slope (m = rise/run) to count off a second point: rise up or down, then run right. A straight line through both points is your graph.
955	Slope
956	How steep a line is — the ratio of vertical change (rise) to horizontal change (run).
957	A slope of 3/4 means rise 3, run 4.
958	y-intercept
959	The point where a line crosses the y-axis, where x = 0.
960	In y = 2x + 5, the y-intercept is 5.
961	Reading Slope & y-intercept
962	<div class='ex-legend'><span class='ex-purple'>PURPLE</span> = the slope (m), <span class='ex-blue'>BLUE</span> = the y-intercept (b), <span class='ex-red'>RED</span> = the answer</div>
963	<span class='step-label'>Step 1:</span> y = 3x − 4 is already in y = mx + b form
964	<span class='step-label'>Step 2:</span> The number multiplying x is the slope: <span class='ex-purple'>m = 3</span>
965	<span class='step-label'>Step 3:</span> The number added or subtracted on its own is the y-intercept: <span class='ex-blue'>b = −4</span>
966	<span class='step-label'>Step 4:</span> Answer: <span class='ex-red'>m = 3, b = −4</span>
967	<div class='ex-notice'>Notice: whatever is multiplying x is the slope; whatever stands alone is the y-intercept.</div>
968	Plotting From Slope & Intercept
969	<span class='step-label'>Step 1:</span> For y = <span class='ex-purple'>2/3</span>x + <span class='ex-blue'>1</span>, start at the y-intercept: plot the point <span class='ex-blue'>(0, 1)</span>
970	<span class='step-label'>Step 2:</span> Slope <span class='ex-purple'>2/3</span> means rise 2, run 3 from that point: (0+3, 1+2) = (3, 3)
971	<span class='step-label'>Step 3:</span> Answer: a second point on the line is <span class='ex-red'>(3, 3)</span>
972	<div class='ex-notice'>Notice: the y-intercept is always your starting dot — the slope tells you which way to step from there.</div>
973	Finding Slope From Two Points
974	<span class='step-label'>Step 1:</span> To find slope from two points, use m = (change in y) ÷ (change in x)
975	<span class='step-label'>Step 2:</span> For (2, 1) and (5, 7): change in y = 7 − 1 = 6, change in x = 5 − 2 = 3
976	<span class='step-label'>Step 3:</span> Answer: <span class='ex-red'>m = 6 ÷ 3 = 2</span>
977	<div class='ex-notice'>Notice: it doesn't matter which point you call "first" — just subtract the y's and the x's in the same order.</div>
978	Find the slope and y-intercept of y = 5x + 2. ###GRAPH:line;5,2;y = 5x + 2###
979	The number multiplying x is the slope.
980	The number standing alone is the y-intercept.
981	Answer: m = 5, b = 2
982	Slope (the number multiplying x): m = {{}}
983	y-intercept (the number standing alone): b = {{}}
984	Find the slope and y-intercept of y = −4x − 7. ###GRAPH:line;-4,-7;y = −4x − 7###
985	Answer: m = −4, b = −7
986	Slope: m = {{}}
987	y-intercept: b = {{}}
988	A line has y-intercept 3 and slope 2. Starting at (0,3), what point do you land on after one slope-step? ###GRAPH:points;0,3,1,5;(0,3) to (1,5)###
989	Start at the y-intercept: (0, 3)
990	Slope 2 means rise 2, run 1: (0+1, 3+2)
991	Answer: (1, 5)
992	Starting point from the y-intercept: (0, {{}})
993	Slope 2 = rise {{}}, run {{}}
994	New point: (0 + 1, 3 + 2) = {{}}
995	Find the slope between the points (2, 3) and (6, 11). ###GRAPH:points;2,3,6,11;(2,3) and (6,11)###
996	Slope = (change in y) ÷ (change in x) = (11 − 3) ÷ (6 − 2)
997	Answer: m = 2
998	Change in y: 11 − 3 = {{}}. Change in x: 6 − 2 = {{}}
999	Find the slope and y-intercept of y = 4x − 1. ###GRAPH:line;4,-1;y = 4x − 1###
1000	Answer: m = 4, b = −1
1001	Find the slope and y-intercept of y = −2x + 6. ###GRAPH:line;-2,6;y = −2x + 6###
1002	Answer: m = −2, b = 6
1003	Find the slope and y-intercept of y = x − 3. ###GRAPH:line;1,-3;y = x − 3###
1004	No number in front of x means the slope is 1.
1005	Answer: m = 1, b = −3
1006	A line has slope 3 and y-intercept −2. What is y when x = 2? ###GRAPH:line;3,-2;y = 3x − 2###
1007	Plug into y = mx + b: y = 3(2) + (−2)
1008	Answer: y = 4
1009	A line has slope −1 and y-intercept 5. What is y when x = 3? ###GRAPH:line;-1,5;y = −x + 5###
1010	Plug into y = mx + b: y = −1(3) + 5
1011	Answer: y = 2
1012	Find the slope between the points (1, 2) and (3, 8). ###GRAPH:points;1,2,3,8;(1,2) and (3,8)###
1013	Slope = (change in y) ÷ (change in x) = (8 − 2) ÷ (3 − 1)
1014	Answer: m = 3
1015	Writing Linear Equations
1016	Lets you build the exact equation of a line from just two clues — a point and a slope, or two points — which is how real data (like a trend) gets turned into a usable formula.
1017	Find the slope first if you don't already have it: m = (change in y) ÷ (change in x). Plug the slope and ONE known point into y = mx + b and solve for b. Write the final equation as y = mx + b. For parallel lines, use the SAME slope; for perpendicular lines, flip the slope and change its sign (the negative reciprocal).
1018	Parallel Lines
1019	Lines that never cross — they have the exact same slope.
1020	y = 2x + 1 and y = 2x − 5 are parallel.
1021	Perpendicular Lines
1022	Lines that cross at a right angle — their slopes are negative reciprocals of each other.
1023	Slopes 2 and −1/2 are perpendicular.
1024	Writing From a Point & Slope
1025	<div class='ex-legend'><span class='ex-purple'>PURPLE</span> = what you plug in, <span class='ex-blue'>BLUE</span> = solving for b, <span class='ex-red'>RED</span> = the answer</div>
1026	<span class='step-label'>Step 1:</span> Point (2, 7), slope 3 — plug into y = mx + b: <span class='ex-purple'>7 = 3(2) + b</span>
1027	<span class='step-label'>Step 2:</span> Solve for b: <span class='ex-blue'>7 = 6 + b → b = 1</span>
1028	<span class='step-label'>Step 3:</span> Answer: <span class='ex-red'>y = 3x + 1</span>
1029	<div class='ex-notice'>Notice: once you know m and b, just write them straight into y = mx + b.</div>
1030	Parallel & Perpendicular Slopes
1031	<span class='step-label'>Step 1:</span> A line parallel to y = 4x + 1 keeps the <span class='ex-purple'>same slope</span>: m = 4
1032	<span class='step-label'>Step 2:</span> A line perpendicular to y = 4x + 1 flips and negates the slope: <span class='ex-blue'>negative reciprocal of 4</span> is −1/4
1033	<span class='step-label'>Step 3:</span> Answer: parallel slope <span class='ex-red'>m = 4</span>, perpendicular slope <span class='ex-red'>m = −1/4</span>
1034	<div class='ex-notice'>Notice: parallel copies the slope exactly; perpendicular flips the fraction AND the sign.</div>
1035	Write the equation of a line through (1, 5) with slope 2.
1036	Plug into y = mx + b: 5 = 2(1) + b
1037	Solve: 5 = 2 + b → b = 3
1038	Answer: y = 2x + 3
1039	Plug in: 5 = 2(1) + b, so b = {{}}
1040	What is the slope of a line parallel to y = −3x + 2?
1041	Parallel lines have the SAME slope.
1042	Answer: m = −3
1043	Parallel lines have the {{}} slope.
1044	same
1045	reciprocal
1046	What is the slope of a line perpendicular to y = 2x − 5?
1047	Perpendicular lines have slopes that are negative reciprocals.
1048	Flip 2 to 1/2, then negate: −1/2
1049	Answer: m = −1/2
1050	Flip the slope 2 to get {{}}
1051	Now make it negative: {{}}
1052	Write the equation of a line through (0, 4) with slope −2.
1053	The point (0,4) is already the y-intercept, so b = 4.
1054	Plug in: y = −2x + 4
1055	Answer: y = −2x + 4
1056	Write the equation of a line through (2, 9) with slope 3.
1057	Plug into y = mx + b: 9 = 3(2) + b
1058	Solve: 9 = 6 + b → b = 3
1059	Answer: y = 3x + 3
1060	Write the equation of a line through (−1, 0) with slope 4.
1061	Plug into y = mx + b: 0 = 4(−1) + b
1062	Solve: 0 = −4 + b → b = 4
1063	Answer: y = 4x + 4
1064	What is the slope of a line parallel to y = 5x − 1?
1065	Parallel lines have the same slope.
1066	Answer: m = 5
1067	What is the slope of a line perpendicular to y = −4x + 3?
1068	Perpendicular slopes are negative reciprocals.
1069	Flip −4 to −1/4, then negate: 1/4
1070	Answer: m = 1/4
1071	Find the slope of the line through (2, 3) and (6, 11), then write its equation using (2,3).
1072	Slope = (11−3)÷(6−2) = 8÷4 = 2
1073	Plug into y = mx + b: 3 = 2(2) + b → b = −1
1074	Answer: y = 2x − 1
1075	Functions & Function Notation
1076	Function notation, f(x), is the language the rest of math (and science) uses to describe one quantity depending on another — you'll see it everywhere after Algebra 1.
1077	f(x) just means "the output of the function f when the input is x." To evaluate f(a), substitute a everywhere you see x in the function's rule, then simplify. The domain is every input (x-value) allowed in; the range is every output (y-value) that comes out.
1078	Function
1079	A rule that takes exactly one output for every input.
1080	f(x) = 2x + 1 doubles the input and adds 1.
1081	Domain
1082	The complete set of allowed input (x) values.
1083	For f(x) = 1/x, the domain is all real numbers except x = 0.
1084	Range
1085	The complete set of possible output (y) values.
1086	For f(x) = x², the range is y ≥ 0.
1087	Evaluating f(x)
1088	<div class='ex-legend'><span class='ex-purple'>PURPLE</span> = what you substitute, <span class='ex-blue'>BLUE</span> = the simplified math, <span class='ex-red'>RED</span> = the answer</div>
1089	<span class='step-label'>Step 1:</span> f(x) = 2x + 3, find f(5) → substitute <span class='ex-purple'>x = 5</span>: f(5) = 2(5) + 3
1090	<span class='step-label'>Step 2:</span> Simplify: <span class='ex-blue'>10 + 3 = 13</span>
1091	<span class='step-label'>Step 3:</span> Answer: <span class='ex-red'>f(5) = 13</span>
1092	<div class='ex-notice'>Notice: f(5) does NOT mean f times 5 — it means "plug 5 in for x."</div>
1093	Evaluating With a Negative Input
1094	<span class='step-label'>Step 1:</span> f(x) = x² − 4, find f(−3) → substitute <span class='ex-purple'>x = −3</span>: f(−3) = (−3)² − 4
1095	<span class='step-label'>Step 2:</span> Simplify: <span class='ex-blue'>9 − 4 = 5</span>
1096	<span class='step-label'>Step 3:</span> Answer: <span class='ex-red'>f(−3) = 5</span>
1097	<div class='ex-notice'>Notice: a negative input gets squared just like a positive one — watch the parentheses.</div>
1098	If f(x) = 3x − 2, find f(4).
1099	Substitute x = 4: f(4) = 3(4) − 2
1100	Simplify: 12 − 2 = 10
1101	Answer: 10
1102	Substitute x = 4: 3(4) − 2 = {{}}
1103	If f(x) = x² + 1, find f(−2).
1104	Substitute x = −2: f(−2) = (−2)² + 1
1105	Simplify: 4 + 1 = 5
1106	What is the domain of f(x) = 1/(x − 5)?
1107	all real numbers except x = 5
1108	allrealnumbersexceptx=5
1109	A fraction is undefined when its denominator is 0.
1110	x − 5 = 0 when x = 5, so that value is excluded.
1111	Answer: all real numbers except x = 5
1112	The denominator x − 5 = 0 when x = {{}}
1113	all real numbers except x = {{}}
1114	If f(x) = x² (for x ≥ 0), what is the range?
1115	Squaring any x ≥ 0 can never produce a negative output.
1116	The smallest output is 0, at x = 0.
1117	Answer: y ≥ 0
1118	Squaring a number that's ≥ 0 can never come out {{}}.
1119	The smallest possible output is {{}}, at x = 0.
1120	If f(x) = 5x + 1, find f(3).
1121	Substitute x = 3: f(3) = 5(3) + 1
1122	Simplify: 15 + 1 = 16
1123	Answer: 16
1124	If f(x) = 2x − 7, find f(0).
1125	Substitute x = 0: f(0) = 2(0) − 7
1126	Simplify: 0 − 7 = −7
1127	Answer: −7
1128	If f(x) = x² − 3x, find f(4).
1129	Substitute x = 4: f(4) = 4² − 3(4)
1130	Simplify: 16 − 12 = 4
1131	Answer: 4
1132	If f(x) = −x + 6, find f(−5).
1133	Substitute x = −5: f(−5) = −(−5) + 6
1134	Simplify: 5 + 6 = 11
1135	Answer: 11
1136	What is the domain of f(x) = 1/(x + 2)?
1137	all real numbers except x = −2
1138	allrealnumbersexceptx=-2
1139	x + 2 = 0 when x = −2, so that value is excluded.
1140	Answer: all real numbers except x = −2
1141	Adding & Subtracting Polynomials
1142	The warm-up skill for every polynomial topic after it — you can't multiply, factor, or solve with polynomials confidently until combining like terms is automatic.
1143	Only combine LIKE terms — same variable AND same exponent. When subtracting, distribute the negative sign across every term in the second polynomial first (flip each of its signs), then combine like terms as usual.
1144	Like Terms
1145	Terms with the exact same variable raised to the exact same power.
1146	3x² and 7x² are like terms; 3x² and 7x are not.
1147	Polynomial
1148	An expression made of terms added or subtracted, with whole-number exponents.
1149	4x² − 2x + 5 is a polynomial with 3 terms.
1150	Adding Polynomials
1151	<div class='ex-legend'><span class='ex-purple'>PURPLE</span> = one pair of like terms, <span class='ex-blue'>BLUE</span> = the other pair, <span class='ex-red'>RED</span> = the answer</div>
1152	<span class='step-label'>Step 1:</span> (3x² + 2x) + (5x² − 7x) — group like terms: <span class='ex-purple'>(3x² + 5x²)</span> + <span class='ex-blue'>(2x − 7x)</span>
1153	<span class='step-label'>Step 2:</span> Combine each group: <span class='ex-purple'>8x²</span> + <span class='ex-blue'>(−5x)</span>
1154	<span class='step-label'>Step 3:</span> Answer: <span class='ex-red'>8x² − 5x</span>
1155	<div class='ex-notice'>Notice: only the exponent has to match to combine — x² terms stay separate from plain x terms.</div>
1156	Subtracting Polynomials
1157	<span class='step-label'>Step 1:</span> (4x² − 3x) − (x² − 6x) — distribute the <span class='ex-purple'>negative sign</span> across the second polynomial: 4x² − 3x <span class='ex-purple'>− x² + 6x</span>
1158	<span class='step-label'>Step 2:</span> Group and combine like terms: <span class='ex-blue'>(4x² − x²) + (−3x + 6x)</span> = 3x² + 3x
1159	<span class='step-label'>Step 3:</span> Answer: <span class='ex-red'>3x² + 3x</span>
1160	<div class='ex-notice'>Notice: subtracting a polynomial flips EVERY sign inside its parentheses, not just the first term.</div>
1161	Group like terms: (2x² + 4x²) + (3x − x)
1162	Combine: 6x² + 2x
1163	Answer: 6x² + 2x
1164	x² terms: 2x² + 4x² = {{}}
1165	x terms: 3x − x = {{}}
1166	Distribute the negative sign: 5x² − 2x − 3x² + 4x
1167	Group like terms: (5x² − 3x²) + (−2x + 4x)
1168	Answer: 2x² + 2x
1169	Distribute the negative: 5x² − 2x {{}}3x² {{}}4x
1170	x² terms: 5x² − 3x² = {{}}
1171	Distribute the negative sign: x² + 6x + 1 − x² − 2x + 5
1172	x² terms cancel: (x² − x²) = 0
1173	Combine what's left: (6x − 2x) + (1 + 5) = 4x + 6
1174	The x² terms (x² − x²) equal {{}}
1175	x terms: 6x − 2x = {{}}
1176	Group like terms: (3x² + 2x²) + (4x + 5x)
1177	Combine: 5x² + 9x
1178	Answer: 5x² + 9x
1179	Group like terms: (7x² − 3x²) + (−x + 6x)
1180	Combine: 4x² + 5x
1181	Answer: 4x² + 5x
1182	Distribute the negative sign: 6x² + 3x − 2 − 2x² − x + 5
1183	Combine like terms: (6x² − 2x²) + (3x − x) + (−2 + 5)
1184	Answer: 4x² + 2x + 3
1185	Distribute the negative sign: x² − 5x + 4 − 3x² + 2x − 1
1186	Combine like terms: (x² − 3x²) + (−5x + 2x) + (4 − 1)
1187	Answer: −2x² − 3x + 3
1188	Group like terms: (4x² + x²) + (2x − 2x) + (−3 + 7)
1189	The x terms cancel: 2x − 2x = 0
1190	Answer: 5x² + 4
1191	Distribute the negative sign: 2x³ + x² − 4 − x³ + x² − 2
1192	Combine like terms: (2x³ − x³) + (x² + x²) + (−4 − 2)
1193	Answer: x³ + 2x² − 6
1194	Multiplying Binomials (FOIL)
1195	This is the reverse of factoring — the same skill shows up constantly to check a factoring answer or expand an expression before solving.
1196	Use FOIL: multiply the First terms, the Outer terms, the Inner terms, and the Last terms. Then combine any like terms you get.
1197	FOIL
1198	A memory trick for multiplying two binomials: First, Outer, Inner, Last.
1199	For (x+2)(x+3): First x·x, Outer x·3, Inner 2·x, Last 2·3.
1200	x + 5 and 2x − 3 are both binomials.
1201	FOIL With All Positives
1202	<div class='ex-legend'><span class='ex-purple'>PURPLE</span> = Outer + Inner (the middle term), <span class='ex-blue'>BLUE</span> = First and Last, <span class='ex-red'>RED</span> = the answer</div>
1203	<span class='step-label'>Step 1:</span> (x + 2)(x + 5) — First: <span class='ex-blue'>x · x = x²</span>
1204	<span class='step-label'>Step 2:</span> Outer + Inner: <span class='ex-purple'>x·5 + 2·x = 5x + 2x = 7x</span>
1205	<span class='step-label'>Step 3:</span> Last: <span class='ex-blue'>2 · 5 = 10</span>
1206	<span class='step-label'>Step 4:</span> Answer: <span class='ex-red'>x² + 7x + 10</span>
1207	<div class='ex-notice'>Notice: Outer + Inner always combine into the single middle term.</div>
1208	FOIL With a Negative
1209	<span class='step-label'>Step 1:</span> (x − 3)(x + 4) — First: <span class='ex-blue'>x · x = x²</span>
1210	<span class='step-label'>Step 2:</span> Outer + Inner: <span class='ex-purple'>x·4 + (−3)·x = 4x − 3x = x</span>
1211	<span class='step-label'>Step 3:</span> Last: <span class='ex-blue'>(−3) · 4 = −12</span>
1212	<span class='step-label'>Step 4:</span> Answer: <span class='ex-red'>x² + x − 12</span>
1213	<div class='ex-notice'>Notice: carry each term's sign into First, Outer, Inner, and Last — it's the most common slip.</div>
1214	First: x · x = x²
1215	Outer + Inner: x·6 + 1·x = 7x
1216	Last: 1 · 6 = 6
1217	Step 1 (First)
1218	Step 2 (Outer + Inner)
1219	Step 3 (Last)
1220	Outer + Inner: 7x + (−2x) = 5x
1221	Last: (−2) · 7 = −14
1222	Step 1 (Outer + Inner)
1223	Step 2 (Last)
1224	Outer + Inner: −5x + (−4x) = −9x
1225	Last: (−4)(−5) = 20
1226	Outer + Inner: 4x + 3x = 7x
1227	Last: 3 · 4 = 12
1228	Answer: x² + 7x + 12
1229	Outer + Inner: −6x + 2x = −4x
1230	Last: 2 · (−6) = −12
1231	Answer: x² − 4x − 12
1232	Outer + Inner: −8x + (−3x) = −11x
1233	Last: (−3)(−8) = 24
1234	Answer: x² − 11x + 24
1235	First: 2x · x = 2x²
1236	Outer + Inner: 2x·5 + 1·x = 10x + x = 11x
1237	Last: 1 · 5 = 5
1238	Answer: 2x² + 11x + 5
1239	Outer + Inner: −7x + 7x = 0 (cancels!)
1240	Last: 7 · (−7) = −49
1241	Answer: x² − 49
1242	First: 3x · x = 3x²
1243	Outer + Inner: 3x·4 + (−2)·x = 12x − 2x = 10x
1244	Last: (−2)·4 = −8
1245	Answer: 3x² + 10x − 8
1246	Factoring Trinomials (a = 1)
1247	The most common factoring pattern you'll see — it's the reverse of FOIL, and it's the setup for solving quadratics by factoring.
1248	For x² + bx + c, find two numbers that MULTIPLY to c and ADD to b. Write the factored form as (x + first number)(x + second number), keeping each number's own sign.
1249	x² + 5x + 6 is a trinomial.
1250	Both Factors Positive
1251	<div class='ex-legend'><span class='ex-purple'>PURPLE</span> = the two numbers you're hunting for, <span class='ex-blue'>BLUE</span> = the check (multiply & add), <span class='ex-red'>RED</span> = the answer</div>
1252	<span class='step-label'>Step 1:</span> x² + 7x + 12 — need two numbers that multiply to 12 and add to 7: <span class='ex-purple'>3 and 4</span>
1253	<span class='step-label'>Step 2:</span> Check: <span class='ex-blue'>3 × 4 = 12 ✓, 3 + 4 = 7 ✓</span>
1254	<span class='step-label'>Step 3:</span> Answer: <span class='ex-red'>(x + 3)(x + 4)</span>
1255	<div class='ex-notice'>Notice: both numbers are positive because both c and b are positive.</div>
1256	A Negative Factor
1257	<span class='step-label'>Step 1:</span> x² + 2x − 15 — need two numbers that multiply to −15 and add to 2: <span class='ex-purple'>5 and −3</span>
1258	<span class='step-label'>Step 2:</span> Check: <span class='ex-blue'>5 × (−3) = −15 ✓, 5 + (−3) = 2 ✓</span>
1259	<span class='step-label'>Step 3:</span> Answer: <span class='ex-red'>(x + 5)(x − 3)</span>
1260	<div class='ex-notice'>Notice: a NEGATIVE c means the two numbers have opposite signs; a positive c means they match.</div>
1261	Factor: x² + 5x + 6
1262	Need two numbers that multiply to 6 and add to 5: 2 and 3
1263	Check: 2×3=6, 2+3=5
1264	Answer: (x + 2)(x + 3)
1265	Step 1 (order doesn't matter)
1266	Two numbers that multiply to 6 and add to 5: {{}} and {{}}
1267	Factor: x² − x − 6
1268	Need two numbers that multiply to −6 and add to −1: −3 and 2
1269	Check: −3×2=−6, −3+2=−1
1270	Answer: (x − 3)(x + 2)
1271	Two numbers that multiply to −6 and add to −1: {{}} and {{}}
1272	Factor: x² − 7x + 12
1273	Need two numbers that multiply to 12 and add to −7: −3 and −4
1274	Check: −3×−4=12, −3+−4=−7
1275	Answer: (x − 3)(x − 4)
1276	Two numbers that multiply to 12 and add to −7: {{}} and {{}}
1277	Factor: x² + 8x + 15
1278	Two numbers that multiply to 15 and add to 8: 3 and 5
1279	Check: 3×5=15, 3+5=8
1280	Answer: (x + 3)(x + 5)
1281	Factor: x² + 3x − 10
1282	Two numbers that multiply to −10 and add to 3: 5 and −2
1283	Check: 5×−2=−10, 5+−2=3
1284	Answer: (x + 5)(x − 2)
1285	Factor: x² − 6x + 8
1286	Two numbers that multiply to 8 and add to −6: −2 and −4
1287	Check: −2×−4=8, −2+−4=−6
1288	Answer: (x − 2)(x − 4)
1289	Factor: x² − 2x − 24
1290	Two numbers that multiply to −24 and add to −2: −6 and 4
1291	Check: −6×4=−24, −6+4=−2
1292	Answer: (x − 6)(x + 4)
1293	Factor: x² + 9x + 20
1294	Two numbers that multiply to 20 and add to 9: 4 and 5
1295	Check: 4×5=20, 4+5=9
1296	Answer: (x + 4)(x + 5)
1297	Factor: x² − 5x − 14
1298	Two numbers that multiply to −14 and add to −5: −7 and 2
1299	Check: −7×2=−14, −7+2=−5
1300	Answer: (x − 7)(x + 2)
1301	Factoring by Grouping
1302	The go-to method once a trinomial has a leading coefficient that isn't 1, or when you're handed a four-term polynomial directly.
1303	Split the middle term into two terms whose product matches a×c and whose sum matches b (just like ac-method factoring). Group the four terms into two pairs. Pull the GCF out of each pair. If both pairs now share the same leftover factor, pull THAT out too — that's your final factored form.
1304	Grouping
1305	Splitting a four-term expression into two pairs, each with its own common factor, to reveal a shared factor.
1306	x³+3x²+2x+6 groups into x²(x+3)+2(x+3).
1307	Grouping a Four-Term Polynomial
1308	<div class='ex-legend'><span class='ex-purple'>PURPLE</span> = the GCF pulled from each pair, <span class='ex-blue'>BLUE</span> = the shared leftover factor, <span class='ex-red'>RED</span> = the answer</div>
1309	<span class='step-label'>Step 1:</span> x³ + 3x² + 2x + 6 — group into pairs: (x³ + 3x²) + (2x + 6)
1310	<span class='step-label'>Step 2:</span> Pull the GCF from each pair: <span class='ex-purple'>x²</span>(x + 3) + <span class='ex-purple'>2</span>(x + 3)
1311	<span class='step-label'>Step 3:</span> Both pairs share <span class='ex-blue'>(x + 3)</span> — pull it out: (x + 3)(x² + 2)
1312	<span class='step-label'>Step 4:</span> Answer: <span class='ex-red'>(x + 3)(x² + 2)</span>
1313	<div class='ex-notice'>Notice: the two GCFs (purple) can be different — it's the LEFTOVER (blue) that has to match.</div>
1314	Grouping With a Leading Coefficient
1315	<span class='step-label'>Step 1:</span> 2x² + 7x + 3 — split 7x using numbers that multiply to 2×3=6 and add to 7: <span class='ex-purple'>6 and 1</span>
1316	<span class='step-label'>Step 2:</span> Rewrite and group: (2x² + 6x) + (x + 3) → <span class='ex-purple'>2x</span>(x + 3) + <span class='ex-purple'>1</span>(x + 3)
1317	<span class='step-label'>Step 3:</span> Shared factor: <span class='ex-blue'>(x + 3)</span> — pull it out: (x + 3)(2x + 1)
1318	<span class='step-label'>Step 4:</span> Answer: <span class='ex-red'>(x + 3)(2x + 1)</span>
1319	<div class='ex-notice'>Notice: this ac-method split is exactly how you tackle a leading coefficient that isn't 1.</div>
1320	Factor by grouping: x³ + 2x² + 5x + 10
1321	Group: (x³ + 2x²) + (5x + 10)
1322	Pull GCFs: x²(x + 2) + 5(x + 2)
1323	Shared factor (x + 2): Answer (x + 2)(x² + 5)
1324	GCF of the first pair: {{}}
1325	GCF of the second pair: {{}}
1326	x²(x + 2) + 5(x + 2) — what binomial factor do both pieces share? {{}}
1327	Factor by grouping: 3x² + 10x + 8  (split 10x into 6x and 4x)
1328	Rewrite: 3x² + 6x + 4x + 8
1329	Group: (3x² + 6x) + (4x + 8) = 3x(x + 2) + 4(x + 2)
1330	Shared factor (x + 2): Answer (x + 2)(3x + 4)
1331	GCF of the first pair 3x² + 6x: {{}}
1332	GCF of the second pair 4x + 8: {{}}
1333	3x(x + 2) + 4(x + 2) — what binomial factor do both pieces share? {{}}
1334	Factor by grouping: 2x² + 9x + 9  (split 9x into 6x and 3x)
1335	Rewrite: 2x² + 6x + 3x + 9
1336	Group: (2x² + 6x) + (3x + 9) = 2x(x + 3) + 3(x + 3)
1337	Shared factor (x + 3): Answer (x + 3)(2x + 3)
1338	GCF of the first pair 2x² + 6x: {{}}
1339	GCF of the second pair 3x + 9: {{}}
1340	2x(x + 3) + 3(x + 3) — what binomial factor do both pieces share? {{}}
1341	Factor by grouping: x³ + 4x² + 3x + 12
1342	Group: (x³ + 4x²) + (3x + 12)
1343	Pull GCFs: x²(x + 4) + 3(x + 4)
1344	Answer: (x + 4)(x² + 3)
1345	Factor by grouping: 2x² + 7x + 5  (split 7x into 5x and 2x)
1346	Rewrite: 2x² + 5x + 2x + 5
1347	Group: (2x² + 5x) + (2x + 5) = x(2x + 5) + 1(2x + 5)
1348	Answer: (x + 1)(2x + 5)
1349	Factor by grouping: 3x² + 11x + 6  (split 11x into 9x and 2x)
1350	Rewrite: 3x² + 9x + 2x + 6
1351	Group: (3x² + 9x) + (2x + 6) = 3x(x + 3) + 2(x + 3)
1352	Answer: (x + 3)(3x + 2)
1353	Factor by grouping: 4x² + 8x + 3  (split 8x into 6x and 2x)
1354	Rewrite: 4x² + 6x + 2x + 3
1355	Group: (4x² + 6x) + (2x + 3) = 2x(2x + 3) + 1(2x + 3)
1356	Answer: (2x + 1)(2x + 3)
1357	Factor by grouping: x³ + 5x² + 2x + 10
1358	Group: (x³ + 5x²) + (2x + 10)
1359	Pull GCFs: x²(x + 5) + 2(x + 5)
1360	Answer: (x + 5)(x² + 2)
1361	Factor by grouping: 2x² + 11x + 12  (split 11x into 8x and 3x)
1362	Rewrite: 2x² + 8x + 3x + 12
1363	Group: (2x² + 8x) + (3x + 12) = 2x(x + 4) + 3(x + 4)
1364	Answer: (x + 4)(2x + 3)
1365	Special Factoring Patterns
1366	These two shapes show up constantly and factor in ONE quick move each — spotting them saves you from doing the long trinomial or grouping method.
1367	Perfect square trinomial (a² ± 2ab + b²) factors as (a ± b)². Sum or difference of cubes (a³ ± b³) factors as (a ± b)(a² ∓ ab + b²) — notice the middle sign always flips in the second factor.
1368	A trinomial that is the result of squaring a binomial.
1369	Sum/Difference of Cubes
1370	A two-term expression where both terms are perfect cubes.
1371	x³ + 8 is a sum of cubes (x³ and 2³).
1372	<div class='ex-legend'><span class='ex-purple'>PURPLE</span> = the square roots of the first & last terms, <span class='ex-blue'>BLUE</span> = the middle-term check, <span class='ex-red'>RED</span> = the answer</div>
1373	<span class='step-label'>Step 1:</span> x² + 10x + 25 — square roots of the outer terms: <span class='ex-purple'>√x² = x, √25 = 5</span>
1374	<span class='step-label'>Step 2:</span> Check the middle term: <span class='ex-blue'>2 × x × 5 = 10x ✓</span> matches
1375	<span class='step-label'>Step 3:</span> Answer: <span class='ex-red'>(x + 5)²</span>
1376	<div class='ex-notice'>Notice: always confirm the middle term (blue) before claiming it's a perfect square.</div>
1377	Difference of Cubes
1378	<span class='step-label'>Step 1:</span> x³ − 27 — cube roots: <span class='ex-purple'>∛x³ = x, ∛27 = 3</span>
1379	<span class='step-label'>Step 2:</span> Pattern a³−b³ = (a−b)(a²+ab+b²), so plug in a=x, b=3: <span class='ex-blue'>(x − 3)(x² + 3x + 9)</span>
1380	<span class='step-label'>Step 3:</span> Answer: <span class='ex-red'>(x − 3)(x² + 3x + 9)</span>
1381	<div class='ex-notice'>Notice: the sign between a and b matches the original; the middle sign in the trinomial part always flips.</div>
1382	Factor: x² + 8x + 16
1383	Square roots of outer terms: √x²=x, √16=4
1384	Check middle: 2×x×4=8x ✓
1385	Answer: (x + 4)²
1386	Check the middle term: 2 × x × 4 = {{}}
1387	Factor: x² − 12x + 36
1388	Square roots of outer terms: √x²=x, √36=6
1389	Check middle: 2×x×6=12x ✓, and it's subtracted so it's (x−6)²
1390	Answer: (x − 6)²
1391	Factor: x³ + 8
1392	Cube roots: ∛x³=x, ∛8=2
1393	Pattern a³+b³=(a+b)(a²−ab+b²), plug in a=x, b=2
1394	Answer: (x + 2)(x² − 2x + 4)
1395	∛8 = {{}}, so a = x and b = 2
1396	Step 2 (build a² − ab + b²)
1397	Factor: x³ − 64  (this time it's a DIFFERENCE)
1398	Cube roots: ∛x³=x, ∛64=4
1399	Pattern a³−b³=(a−b)(a²+ab+b²), plug in a=x, b=4 — notice the middle sign flips to PLUS
1400	Answer: (x − 4)(x² + 4x + 16)
1401	∛64 = {{}}, so a = x and b = 4
1402	Step 2 (the middle sign flips)
1403	a³−b³ = (a−b)(a²+ab+b²), so the trinomial's middle sign is {{}}
1404	plus
1405	minus
1406	Step 3 (build a² + ab + b²)
1407	Factor: x² + 6x + 9
1408	Square roots of outer terms: √x²=x, √9=3
1409	Check middle: 2×x×3=6x ✓
1410	Answer: (x + 3)²
1411	Factor: x² − 14x + 49
1412	Square roots of outer terms: √x²=x, √49=7
1413	Check middle: 2×x×7=14x ✓, subtracted so (x−7)²
1414	Answer: (x − 7)²
1415	Factor: x² + 4x + 4
1416	Square roots of outer terms: √x²=x, √4=2
1417	Check middle: 2×x×2=4x ✓
1418	Answer: (x + 2)²
1419	Factor: x³ − 8
1420	Pattern a³−b³=(a−b)(a²+ab+b²), plug in a=x, b=2
1421	Answer: (x − 2)(x² + 2x + 4)
1422	Factor: x³ + 1
1423	Cube roots: ∛x³=x, ∛1=1
1424	Pattern a³+b³=(a+b)(a²−ab+b²), plug in a=x, b=1
1425	Answer: (x + 1)(x² − x + 1)
1426	Factor: x² − 20x + 100
1427	Square roots of outer terms: √x²=x, √100=10
1428	Check middle: 2×x×10=20x ✓, subtracted so (x−10)²
1429	Answer: (x − 10)²
1430	Solving Quadratics by Factoring
1431	The fastest way to solve a quadratic when it factors nicely — no formula needed, just the Zero Product Property.
1432	Get the equation equal to 0 first. Factor the quadratic completely. Set EACH factor equal to 0 separately (Zero Product Property) and solve each mini-equation for x.
1433	Zero Product Property
1434	If two factors multiply to 0, at least one of them must itself be 0.
1435	If (x−2)(x+3)=0, then x−2=0 or x+3=0.
1436	Factoring Then Solving
1437	<div class='ex-legend'><span class='ex-purple'>PURPLE</span> = the factored form, <span class='ex-blue'>BLUE</span> = each mini-equation, <span class='ex-red'>RED</span> = the answer</div>
1438	<span class='step-label'>Step 1:</span> x² + x − 6 = 0 — factor: <span class='ex-purple'>(x + 3)(x − 2) = 0</span>
1439	<span class='step-label'>Step 2:</span> Set each factor to 0: <span class='ex-blue'>x + 3 = 0</span> or <span class='ex-blue'>x − 2 = 0</span>
1440	<span class='step-label'>Step 3:</span> Solve each: x = −3 or x = 2
1441	<span class='step-label'>Step 4:</span> Answer: <span class='ex-red'>x = −3 or x = 2</span>
1442	<div class='ex-notice'>Notice: two factors mean two separate mini-equations — and usually two answers.</div>
1443	Already Factorable With a GCF
1444	<span class='step-label'>Step 1:</span> x² − 5x = 0 — pull out the GCF: <span class='ex-purple'>x(x − 5) = 0</span>
1445	<span class='step-label'>Step 2:</span> Set each factor to 0: <span class='ex-blue'>x = 0</span> or <span class='ex-blue'>x − 5 = 0</span>
1446	<span class='step-label'>Step 3:</span> Answer: <span class='ex-red'>x = 0 or x = 5</span>
1447	<div class='ex-notice'>Notice: a plain "x" by itself still counts as a factor — don't forget x = 0 as an answer.</div>
1448	Solve: x² + 7x + 10 = 0
1449	x=-2 or x=-5
1450	Factor: (x + 2)(x + 5) = 0
1451	Set each factor to 0: x + 2 = 0 or x + 5 = 0
1452	Factor: (x + 2)({{}})
1453	x = -2 or x = -5
1454	Solve: x² − 9 = 0
1455	x = 3  or  x = −3
1456	x=3 or x=-3
1457	Factor (difference of squares): (x − 3)(x + 3) = 0
1458	Set each factor to 0: x − 3 = 0 or x + 3 = 0
1459	Answer: x = 3 or x = −3
1460	Factor: (x − 3)({{}})
1461	x = 3 or x = -3
1462	Solve: x² − 4x = 0
1463	x = 0  or  x = 4
1464	x=0 or x=4
1465	Pull out the GCF: x(x − 4) = 0
1466	Set each factor to 0: x = 0 or x − 4 = 0
1467	Answer: x = 0 or x = 4
1468	Pull out the GCF: {{}}(x − 4)
1469	x = 0 or x = 4
1470	Solve: x² + 5x + 6 = 0
1471	x = −2  or  x = −3
1472	x=-2 or x=-3
1473	Factor: (x + 2)(x + 3) = 0
1474	Set each factor to 0: x + 2 = 0 or x + 3 = 0
1475	Answer: x = −2 or x = −3
1476	Solve: x² − x − 12 = 0
1477	x=4 or x=-3
1478	Factor: (x − 4)(x + 3) = 0
1479	Set each factor to 0: x − 4 = 0 or x + 3 = 0
1480	Solve: x² − 16 = 0
1481	x = 4  or  x = −4
1482	x=4 or x=-4
1483	Factor (difference of squares): (x − 4)(x + 4) = 0
1484	Set each factor to 0: x − 4 = 0 or x + 4 = 0
1485	Answer: x = 4 or x = −4
1486	Solve: x² + 6x = 0
1487	x = 0  or  x = −6
1488	x=0 or x=-6
1489	Pull out the GCF: x(x + 6) = 0
1490	Set each factor to 0: x = 0 or x + 6 = 0
1491	Answer: x = 0 or x = −6
1492	Solve: x² − 8x + 15 = 0
1493	x = 3  or  x = 5
1494	x=3 or x=5
1495	Factor: (x − 3)(x − 5) = 0
1496	Set each factor to 0: x − 3 = 0 or x − 5 = 0
1497	Answer: x = 3 or x = 5
1498	Solve: x² + 2x − 15 = 0
1499	x=3 or x=-5
1500	Factor: (x − 3)(x + 5) = 0
1501	Set each factor to 0: x − 3 = 0 or x + 5 = 0
1502	Graphing Quadratics
1503	Lets you see the parabola's shape instantly — where it turns around, which way it opens, and its mirror line — without plotting a dozen points.
1504	In vertex form y = a(x − h)² + k, the vertex is (h, k) — careful, h takes the OPPOSITE sign shown inside the parentheses. The axis of symmetry is the vertical line x = h. If a > 0 the parabola opens up (a U-shape); if a < 0 it opens down.
1505	Vertex
1506	The highest or lowest point of a parabola, where it turns around.
1507	y = (x−3)² + 2 has vertex (3, 2).
1508	Axis of Symmetry
1509	The vertical line through the vertex that splits the parabola into two mirror-image halves.
1510	For vertex (3, 2), the axis of symmetry is x = 3.
1511	Reading Vertex Form
1512	<div class='ex-legend'><span class='ex-purple'>PURPLE</span> = h (watch the sign flip!), <span class='ex-blue'>BLUE</span> = k, <span class='ex-red'>RED</span> = the answer</div>
1513	<span class='step-label'>Step 1:</span> y = (x − 4)² + 1 — compare to (x − h)²: <span class='ex-purple'>h = 4</span>
1514	<span class='step-label'>Step 2:</span> The number added at the end is k: <span class='ex-blue'>k = 1</span>
1515	<span class='step-label'>Step 3:</span> Answer: vertex <span class='ex-red'>(4, 1)</span>, axis of symmetry <span class='ex-red'>x = 4</span>
1516	<div class='ex-notice'>Notice: h is the OPPOSITE of the sign you see inside the parentheses — (x − 4) means h = +4, not −4.</div>
1517	A Negative h
1518	<span class='step-label'>Step 1:</span> y = (x + 2)² − 5 — rewrite as (x − (<span class='ex-purple'>−2</span>))²: so h = −2
1519	<span class='step-label'>Step 2:</span> The number added at the end is k: <span class='ex-blue'>k = −5</span>
1520	<span class='step-label'>Step 3:</span> Answer: vertex <span class='ex-red'>(−2, −5)</span>
1521	<div class='ex-notice'>Notice: (x + 2) is the same as (x − (−2)), which is why h becomes negative here.</div>
1522	Find the vertex of y = (x − 5)² + 3. ###GRAPH:parabola;1,5,3;y = (x − 5)² + 3###
1523	Compare to (x − h)²: h = 5
1524	The number added at the end is k: k = 3
1525	Answer: h = 5, k = 3
1526	Find the vertex of y = (x + 1)² − 4. ###GRAPH:parabola;1,-1,-4;y = (x + 1)² − 4###
1527	Rewrite (x + 1) as (x − (−1)): h = −1
1528	The number added at the end is k: k = −4
1529	Answer: h = −1, k = −4
1530	Does y = −2(x − 1)² + 6 open up or down? ###GRAPH:parabola;-2,1,6;y = −2(x − 1)² + 6###
1531	down
1532	Look at a, the number multiplying the squared part: a = −2
1533	a is negative, so it opens down.
1534	Answer: down
1535	a = {{}}, which is negative
1536	What is the axis of symmetry of y = (x + 2)² − 3? ###GRAPH:parabola;1,-2,-3;y = (x + 2)² − 3###
1537	The axis of symmetry is the vertical line x = h.
1538	Rewrite (x + 2) as (x − (−2)): h = −2
1539	Answer: x = −2
1540	The axis of symmetry is the vertical line x = {{}}
1541	Rewrite (x + 2) as (x − (−2)): h = {{}}
1542	Find the vertex of y = (x − 2)² + 7. ###GRAPH:parabola;1,2,7;y = (x − 2)² + 7###
1543	Compare to (x − h)²: h = 2
1544	The number added at the end is k: k = 7
1545	Answer: h = 2, k = 7
1546	Find the vertex of y = (x + 3)² − 2. ###GRAPH:parabola;1,-3,-2;y = (x + 3)² − 2###
1547	Rewrite (x + 3) as (x − (−3)): h = −3
1548	The number added at the end is k: k = −2
1549	Answer: h = −3, k = −2
1550	What is the axis of symmetry of y = (x − 6)² + 1? ###GRAPH:parabola;1,6,1;y = (x − 6)² + 1###
1551	h = 6 here.
1552	Answer: x = 6
1553	Does y = 3(x + 4)² − 1 open up or down? ###GRAPH:parabola;3,-4,-1;y = 3(x + 4)² − 1###
1554	Look at a, the number multiplying the squared part: a = 3
1555	a is positive, so it opens up.
1556	Answer: up
1557	Does y = −(x)² + 5 open up or down? ###GRAPH:parabola;-1,0,5;y = −x² + 5###
1558	Look at a: a = −1 (the negative sign in front)
1559	Find the vertex of y = x² − 8  (think of this as y = (x − 0)² − 8). ###GRAPH:parabola;1,0,-8;y = x² − 8###
1560	Compare to (x − h)²: h = 0
1561	The number added at the end is k: k = −8
1562	Answer: h = 0, k = −8
1563	Rational Expression Operations
1564	The same multiply/divide/add/subtract rules you use with number fractions — but you have to factor first to find what actually cancels.
1565	Multiply: factor everything, then cancel any factor shared top-and-bottom across BOTH fractions. Divide: flip the second fraction (multiply by its reciprocal), then proceed like multiplication. Add/Subtract: get a common denominator first, then combine the numerators only. Just like simplifying a single rational expression, finish by stating the restriction: any x-value that would make an ORIGINAL denominator — or, when dividing, the fraction you flipped — equal 0 stays off-limits.
1566	Reciprocal
1567	A fraction flipped upside down.
1568	The reciprocal of (x+1)/x is x/(x+1).
1569	Common Denominator
1570	A denominator shared by two fractions, needed before adding or subtracting them.
1571	To add 1/x and 1/3, the common denominator is 3x.
1572	Multiplying Rational Expressions
1573	<span class='step-label'>Step 1:</span> <span class='frac'><span class='frac-num'>x</span><span class='frac-den'>x+2</span></span> × <span class='frac'><span class='frac-num'>x+2</span><span class='frac-den'>3</span></span> — multiply straight across: <span class='frac'><span class='frac-num'>x(x+2)</span><span class='frac-den'>3(x+2)</span></span>
1574	<span class='step-label'>Step 2:</span> Cancel the shared factor <span class='ex-purple'>(x+2)</span> top and bottom
1575	<span class='step-label'>Step 3:</span> Restriction: <span class='ex-blue'>x+2</span> = 0 when x = −2
1576	<span class='step-label'>Step 4:</span> Answer: <span class='ex-red'>x/3, where x ≠ −2</span>
1577	<div class='ex-notice'>Notice: multiply across first, THEN look for anything to cancel — but the restriction still comes from the ORIGINAL denominator.</div>
1578	Dividing Rational Expressions
1579	<span class='step-label'>Step 1:</span> <span class='frac'><span class='frac-num'>x+1</span><span class='frac-den'>2</span></span> ÷ <span class='frac'><span class='frac-num'>x+1</span><span class='frac-den'>4</span></span> — flip the second fraction and multiply: <span class='ex-purple'>× 4/(x+1)</span>
1580	<span class='step-label'>Step 2:</span> Multiply across: <span class='frac'><span class='frac-num'>(x+1)·4</span><span class='frac-den'>2·(x+1)</span></span>, then cancel <span class='ex-purple'>(x+1)</span>
1581	<span class='step-label'>Step 3:</span> Restriction: <span class='ex-blue'>x+1</span> = 0 when x = −1
1582	<span class='step-label'>Step 4:</span> Answer: <span class='ex-blue'>4/2 simplifies to</span> <span class='ex-red'>2, where x ≠ −1</span>
1583	<div class='ex-notice'>Notice: dividing fractions always starts with "flip the second one and multiply" — and the fraction you flipped is where the restriction comes from.</div>
1584	x/2, where x ≠ −5
1585	Multiply across: x(x+5) / 2(x+5)
1586	Cancel the shared (x+5)
1587	Restriction: x + 5 = 0 when x = −5
1588	Answer: x/2, where x ≠ −5
1589	Which factor cancels top and bottom? {{}}
1590	After canceling, what's left on top and on bottom? {{}} / {{}}
1591	Restriction: x + 5 = 0 when x = {{}}
1592	x/2, where x != -5
1593	1/3, where x ≠ 0
1594	Flip the second fraction and multiply: 3/x × x/9
1595	Cancel the shared x: 3/9
1596	Restriction: x = 0
1597	Answer: 1/3, where x ≠ 0
1598	Flip the second fraction and multiply: 3/x × {{}}/9
1599	Cancel the shared x from top and bottom: {{}}
1600	1/3, where x != 0
1601	<span class='frac'><span class='frac-num'>1</span><span class='frac-den'>x</span></span> + <span class='frac'><span class='frac-num'>1</span><span class='frac-den'>2</span></span> = ?  (common denominator is 2x)
1602	(2 + x)/2x, where x ≠ 0
1603	Common denominator: 2x
1604	Rewrite each fraction over 2x: 2/2x + x/2x
1605	Combine numerators: (2 + x)/2x
1606	Common denominator: {{}}
1607	(2 + x)/2x, where x != 0
1608	<span class='frac'><span class='frac-num'>3</span><span class='frac-den'>x</span></span> − <span class='frac'><span class='frac-num'>1</span><span class='frac-den'>x</span></span> = ?  (same denominator already)
1609	2/x, where x ≠ 0
1610	Same denominator, so just subtract the numerators: 3 − 1 = 2
1611	Answer: 2/x, where x ≠ 0
1612	Same denominator already, so subtract just the numerators: 3 − 1 = {{}}
1613	2/x, where x != 0
1614	x/5, where x ≠ −3
1615	Multiply across: x(x+3) / 5(x+3)
1616	Cancel the shared (x+3)
1617	Restriction: x + 3 = 0 when x = −3
1618	Answer: x/5, where x ≠ −3
1619	Multiply across: 2x / 6x
1620	Cancel the shared x: 2/6
1621	1/2, where x ≠ 0
1622	Flip the second fraction and multiply: 5/x × x/10
1623	Cancel the shared x: 5/10
1624	Answer: 1/2, where x ≠ 0
1625	3, where x ≠ −2
1626	Flip the second fraction and multiply: (x+2)/3 × 9/(x+2)
1627	Cancel the shared (x+2): 9/3
1628	Restriction: x + 2 = 0 when x = −2
1629	Answer: 3, where x ≠ −2
1630	<span class='frac'><span class='frac-num'>1</span><span class='frac-den'>x</span></span> + <span class='frac'><span class='frac-num'>1</span><span class='frac-den'>3</span></span> = ?  (common denominator is 3x)
1631	(3 + x)/3x, where x ≠ 0
1632	Common denominator: 3x
1633	Rewrite each fraction over 3x: 3/3x + x/3x
1634	Answer: (3 + x)/3x, where x ≠ 0
1635	<span class='frac'><span class='frac-num'>2</span><span class='frac-den'>x</span></span> − <span class='frac'><span class='frac-num'>1</span><span class='frac-den'>x</span></span> = ?  (same denominator already)
1636	1/x, where x ≠ 0
1637	Same denominator, so just subtract the numerators: 2 − 1 = 1
1638	Answer: 1/x, where x ≠ 0
1639	Radical Operations
1640	Simplifying a single radical was step one — now you combine, multiply, and clean up radicals the same way you'd work with any other variable term.
1641	Add/Subtract: only combine LIKE radicals (same number under the root), just like like terms. Multiply: multiply the numbers under the roots together, then simplify. Rationalizing: if a radical is left in the denominator, multiply top and bottom by that same radical to clear it out.
1642	Like Radicals
1643	Radicals with the exact same number underneath the root symbol.
1644	3√2 and 5√2 are like radicals; 3√2 and 3√5 are not.
1645	Rationalizing the Denominator
1646	Removing a radical from the denominator of a fraction by multiplying top and bottom by that radical.
1647	1/√2 becomes √2/2 after rationalizing.
1648	Adding Like Radicals
1649	<div class='ex-legend'><span class='ex-purple'>PURPLE</span> = the matching radical part, <span class='ex-blue'>BLUE</span> = the coefficients you combine, <span class='ex-red'>RED</span> = the answer</div>
1650	<span class='step-label'>Step 1:</span> 3√5 + 7√5 — both have the <span class='ex-purple'>same radical</span> (√5)
1651	<span class='step-label'>Step 2:</span> Add just the coefficients: <span class='ex-blue'>3 + 7 = 10</span>
1652	<span class='step-label'>Step 3:</span> Answer: <span class='ex-red'>10√5</span>
1653	<div class='ex-notice'>Notice: the radical part (purple) never changes — only the coefficient out front (blue) combines.</div>
1654	Multiplying Radicals & Rationalizing
1655	<span class='step-label'>Step 1:</span> √3 × √12 — multiply what's under the roots: <span class='ex-purple'>√36 = 6</span>
1656	<span class='step-label'>Step 2:</span> For 1/√5, multiply top and bottom by <span class='ex-blue'>√5</span>: √5/5
1657	<span class='step-label'>Step 3:</span> Answers: <span class='ex-red'>6</span> and <span class='ex-red'>√5/5</span>
1658	<div class='ex-notice'>Notice: multiplying radicals means multiplying the NUMBERS underneath, then simplifying as usual.</div>
1659	Same radical (√2), so add the coefficients.
1660	Answer: 13√2
1661	Same radical (√3), so subtract the coefficients.
1662	Multiply what's under the roots: 2 × 8 = 16
1663	Rationalize: 1/√2
1664	Multiply top and bottom by √2.
1665	Answer: √2/2
1666	Multiply top and bottom by {{}}
1667	Same radical, add the coefficients.
1668	Answer: 8√5
1669	Same radical, subtract the coefficients.
1670	Answer: 6√7
1671	Multiply what's under the roots: 3 × 27 = 81
1672	Answer: 9
1673	Multiply what's under the roots: 5 × 5 = 25
1674	Answer: 7√6
1675	Rationalize: 1/√3
1676	Multiply top and bottom by √3.
1677	Answer: √3/3
1678	Absolute Value Inequalities
1679	Describes a range AROUND a target value — like how far off a measurement is allowed to be — instead of just one boundary.
1680	Isolate the absolute value first. If it's < or ≤ ("less than"), rewrite as a compound "between" inequality: −k < expression < k. If it's > or ≥ ("greater than"), split into TWO separate inequalities joined by "or": expression > k OR expression < −k.
1681	Absolute Value Inequality
1682	An inequality comparing an absolute value expression to a number.
1683	|x − 2| < 5 means x is within 5 units of 2.
1684	A "Less Than" Case (Between)
1685	<div class='ex-legend'><span class='ex-purple'>PURPLE</span> = the compound rewrite, <span class='ex-blue'>BLUE</span> = solving each side, <span class='ex-red'>RED</span> = the answer</div>
1686	<span class='step-label'>Step 1:</span> |x − 3| < 4 is a "less than" → rewrite as a <span class='ex-purple'>between</span> statement: −4 < x − 3 < 4
1687	<span class='step-label'>Step 2:</span> Add 3 to all three parts: <span class='ex-blue'>−1 < x < 7</span>
1688	<span class='step-label'>Step 3:</span> Answer: <span class='ex-red'>−1 < x < 7</span>
1689	<div class='ex-notice'>Notice: "less than" absolute value → ONE between-statement, solved like a compound inequality.</div>
1690	A "Greater Than" Case (Split With OR)
1691	<span class='step-label'>Step 1:</span> |x + 2| > 5 is a "greater than" → split into <span class='ex-purple'>two OR statements</span>: x + 2 > 5 OR x + 2 < −5
1692	<span class='step-label'>Step 2:</span> Solve each: <span class='ex-blue'>x > 3</span> OR <span class='ex-blue'>x < −7</span>
1693	<span class='step-label'>Step 3:</span> Answer: <span class='ex-red'>x > 3 or x < −7</span>
1694	<div class='ex-notice'>Notice: "greater than" absolute value → TWO separate inequalities joined by OR, pointing away from each other.</div>
1695	Solve: |x − 1| < 6
1696	"Less than" → rewrite as between: −6 < x − 1 < 6
1697	Add 1 to all parts: −5 < x < 7
1698	Answer: −5 < x < 7
1699	Rewrite as between: −6 < x − 1 < {{}}
1700	Solve: |x + 4| > 2
1701	x > −2  or  x < −6
1702	x>-2 or x<-6
1703	"Greater than" → split with OR: x + 4 > 2 OR x + 4 < −2
1704	Solve each: x > −2 OR x < −6
1705	Answer: x > −2 or x < −6
1706	Split into two: x + 4 > 2 {{}} x + 4 < −2
1707	or
1708	and
1709	x > -2 or x < -6
1710	Solve: |2x| ≤ 10
1711	"Less than or equal" → rewrite as between: −10 ≤ 2x ≤ 10
1712	Divide all parts by 2: −5 ≤ x ≤ 5
1713	Answer: −5 ≤ x ≤ 5
1714	Divide all three parts by {{}}
1715	Solve: |x − 2| < 5
1716	Rewrite as between: −5 < x − 2 < 5
1717	Add 2 to all parts: −3 < x < 7
1718	Answer: −3 < x < 7
1719	Solve: |x + 1| > 4
1720	x > 3  or  x < −5
1721	x>3 or x<-5
1722	Split with OR: x + 1 > 4 OR x + 1 < −4
1723	Solve each: x > 3 OR x < −5
1724	Answer: x > 3 or x < −5
1725	Solve: |x| ≤ 7
1726	Rewrite as between: −7 ≤ x ≤ 7
1727	Answer: −7 ≤ x ≤ 7
1728	Solve: |x − 5| ≥ 3
1729	x ≥ 8  or  x ≤ 2
1730	x>=8 or x<=2
1731	Split with OR: x − 5 ≥ 3 OR x − 5 ≤ −3
1732	Solve each: x ≥ 8 OR x ≤ 2
1733	Answer: x ≥ 8 or x ≤ 2
1734	Solve: |3x| < 9
1735	Rewrite as between: −9 < 3x < 9
1736	Divide all parts by 3: −3 < x < 3
1737	Answer: −3 < x < 3
1738	Solve: |x + 6| > 1
1739	x > −5  or  x < −7
1740	x>-5 or x<-7
1741	Split with OR: x + 6 > 1 OR x + 6 < −1
1742	Solve each: x > −5 OR x < −7
1743	Answer: x > −5 or x < −7
1744	Graphing Inequalities
1745	Shows the ENTIRE set of solutions at a glance — a shaded region or a shaded ray — instead of just one number.
1746	On a number line: an open circle means < or > (that exact number is NOT included); a closed circle means ≤ or ≥ (it IS included). For two variables: graph the boundary line (DASHED for < or >, SOLID for ≤ or ≥), then shade above the line for "y > " or "y ≥ ", and shade below for "y < " or "y ≤ ".
1747	Boundary Line
1748	The line that separates the shaded (solution) region from the rest of the graph.
1749	For y < 2x + 1, the boundary line is y = 2x + 1.
1750	Number Line: Open or Closed Circle
1751	<div class='ex-legend'><span class='ex-purple'>PURPLE</span> = the symbol, <span class='ex-blue'>BLUE</span> = open or closed, <span class='ex-red'>RED</span> = the answer</div>
1752	<span class='step-label'>Step 1:</span> x > 3 uses <span class='ex-purple'>></span>, which does NOT include 3 itself
1753	<span class='step-label'>Step 2:</span> That means an <span class='ex-blue'>open circle</span> at 3, shaded to the right
1754	<span class='step-label'>Step 3:</span> Answer: <span class='ex-red'>open circle at 3, arrow pointing right</span>
1755	<div class='ex-notice'>Notice: < and > always get an open circle; ≤ and ≥ always get a closed (filled-in) circle.</div>
1756	Two Variables: Dashed or Solid, Shade Which Way
1757	<span class='step-label'>Step 1:</span> y ≤ x − 1 uses <span class='ex-purple'>≤</span>, so the boundary line is <span class='ex-blue'>solid</span>
1758	<span class='step-label'>Step 2:</span> The inequality says "y ≤", so shade <span class='ex-blue'>below</span> the line
1759	<span class='step-label'>Step 3:</span> Answer: <span class='ex-red'>solid line, shade below</span>
1760	<div class='ex-notice'>Notice: ≤ / ≥ = solid line (included); < / > = dashed line (not included).</div>
1761	On a number line, is x ≥ 4 an open or closed circle at 4? ###GRAPH:numberline;4,closed,right;x ≥ 4###
1762	closed
1763	≥ includes the number itself.
1764	That means a closed (filled-in) circle.
1765	Answer: closed
1766	≥ means 4 {{}} included.
1767	is not
1768	open
1769	For y > 3x + 2, is the boundary line dashed or solid? ###GRAPH:inequality;3,2,dashed,above;y > 3x + 2###
1770	dashed
1771	The symbol is >, strictly greater than.
1772	Strictly less/greater than → dashed line.
1773	Answer: dashed
1774	> does NOT include the line itself, so it is {{}}
1775	solid
1776	For y < −x + 5, which way do you shade — above or below the line? ###GRAPH:inequality;-1,5,dashed,below;y < −x + 5###
1777	below
1778	The inequality says "y <".
1779	"y <" always shades below the line.
1780	Answer: below
1781	"y <" always shades {{}} the line
1782	above
1783	For y ≥ x − 2, which way do you shade — above or below the line? ###GRAPH:inequality;1,-2,solid,above;y ≥ x − 2###
1784	The inequality says "y ≥".
1785	"y ≥" always shades above the line.
1786	Answer: above
1787	"y ≥" always shades {{}} the line
1788	On a number line, is x < 7 an open or closed circle at 7? ###GRAPH:numberline;7,open,left;x < 7###
1789	< does not include the number itself.
1790	That means an open circle.
1791	Answer: open
1792	On a number line, is x ≤ −2 an open or closed circle at −2? ###GRAPH:numberline;-2,closed,left;x ≤ −2###
1793	≤ includes the number itself.
1794	That means a closed circle.
1795	For y ≥ 2x − 3, is the boundary line dashed or solid? ###GRAPH:inequality;2,-3,solid,above;y ≥ 2x − 3###
1796	The symbol is ≥, which includes equal to.
1797	≤ / ≥ → solid line.
1798	Answer: solid
1799	For y ≤ x + 4, which way do you shade? ###GRAPH:inequality;1,4,solid,below;y ≤ x + 4###
1800	The inequality says "y ≤".
1801	"y ≤" always shades below the line.
1802	For y > −2x + 1, which way do you shade? ###GRAPH:inequality;-2,1,dashed,above;y > −2x + 1###
1803	The inequality says "y >".
1804	"y >" always shades above the line.
1805	For y < 4x, is the boundary line dashed or solid? ###GRAPH:inequality;4,0,dashed,below;y < 4x###
1806	The symbol is <, strictly less than.
1807	< / > → dashed line.
1808	Direct & Inverse Variation
1809	Describes how two quantities move together — like speed and travel time, or workers and job time — and shows up throughout science formulas.
1810	Direct variation: y = kx (as x goes up, y goes up at the same rate). Find k by dividing a known y by its matching x: k = y/x. Inverse variation: y = k/x (as x goes up, y goes DOWN). Find k by multiplying a known pair: k = xy. Once you have k, plug in the new x (or y) and solve.
1811	Constant of Variation (k)
1812	The fixed number that relates x and y in a variation equation.
1813	In y = 3x, the constant of variation is k = 3.
1814	Inverse Variation
1815	A relationship where one quantity increases as the other decreases, following y = k/x.
1816	More workers (x) means less time (y) to finish a job.
1817	Direct Variation
1818	<div class='ex-legend'><span class='ex-purple'>PURPLE</span> = finding k, <span class='ex-blue'>BLUE</span> = using k with the new value, <span class='ex-red'>RED</span> = the answer</div>
1819	<span class='step-label'>Step 1:</span> y varies directly with x; y = 12 when x = 4 → <span class='ex-purple'>k = y/x = 12/4 = 3</span>
1820	<span class='step-label'>Step 2:</span> Find y when x = 7: <span class='ex-blue'>y = kx = 3 × 7</span>
1821	<span class='step-label'>Step 3:</span> Answer: <span class='ex-red'>y = 21</span>
1822	<div class='ex-notice'>Notice: once you know k, direct variation is just y = kx every time.</div>
1823	<span class='step-label'>Step 1:</span> y varies inversely with x; y = 6 when x = 5 → <span class='ex-purple'>k = xy = 5 × 6 = 30</span>
1824	<span class='step-label'>Step 2:</span> Find y when x = 10: <span class='ex-blue'>y = k/x = 30/10</span>
1825	<span class='step-label'>Step 3:</span> Answer: <span class='ex-red'>y = 3</span>
1826	<div class='ex-notice'>Notice: for inverse variation, k is found by MULTIPLYING the known pair, not dividing.</div>
1827	y varies directly with x. y = 10 when x = 2. Find y when x = 6.
1828	Find k: k = y/x = 10/2 = 5
1829	Use y = kx: y = 5 × 6
1830	Answer: y = 30
1831	y varies inversely with x. y = 4 when x = 3. Find y when x = 6.
1832	Find k: k = xy = 3 × 4 = 12
1833	Use y = k/x: y = 12/6
1834	y varies directly with x. y = 15 when x = 3. Find x when y = 25.
1835	Find k: k = y/x = 15/3 = 5
1836	Use y = kx: 25 = 5x, so x = 5
1837	Answer: x = 5
1838	It takes 4 workers 6 hours to finish a job (inverse variation). How long for 8 workers?
1839	3 hours
1840	This is inverse variation, even though it never says the words "varies inversely" — more workers means less time.
1841	Find k: k = workers × hours = 4 × 6 = 24
1842	Use hours = k/workers: 24/8
1843	Is this direct or inverse variation? {{}}
1844	inverse
1845	direct
1846	k = workers × hours = 4 × 6 = {{}}
1847	24 ÷ 8 = {{}} hours
1848	y varies directly with x. y = 8 when x = 2. Find y when x = 5.
1849	Find k: k = 8/2 = 4
1850	Use y = kx: y = 4 × 5
1851	Answer: y = 20
1852	y varies inversely with x. y = 9 when x = 2. Find y when x = 3.
1853	Find k: k = xy = 2 × 9 = 18
1854	Use y = k/x: y = 18/3
1855	Answer: y = 6
1856	y varies directly with x. y = 21 when x = 7. Find y when x = 10.
1857	Find k: k = 21/7 = 3
1858	Use y = kx: y = 3 × 10
1859	y varies inversely with x. y = 5 when x = 8. Find y when x = 4.
1860	Find k: k = xy = 8 × 5 = 40
1861	Use y = k/x: y = 40/4
1862	Answer: y = 10
1863	It takes 3 workers 8 hours to finish a job (inverse variation). How long for 6 workers?
1864	4 hours
1865	Find k: k = workers × hours = 3 × 8 = 24
1866	Use hours = k/workers: 24/6
1867	Answer: 4 hours
1868	y varies directly with x. y = 18 when x = 6. Find x when y = 27.
1869	Find k: k = 18/6 = 3
1870	Use y = kx: 27 = 3x, so x = 9
1871	Answer: x = 9
1872	Exponential Growth & Decay
1873	Models how things like populations, investments, or radioactive material change by the same PERCENT every time period, instead of the same fixed amount.
1874	Use y = a(1 + r)ᵗ for growth, or y = a(1 − r)ᵗ for decay, where a is the starting amount, r is the rate as a decimal, and t is the number of time periods. Plug in the known values and simplify.
1875	Growth Factor
1876	The number you repeatedly multiply by in exponential growth, equal to (1 + rate).
1877	5% growth has a growth factor of 1.05.
1878	Decay Factor
1879	The number you repeatedly multiply by in exponential decay, equal to (1 − rate).
1880	5% decay has a decay factor of 0.95.
1881	Exponential Growth
1882	<div class='ex-legend'><span class='ex-purple'>PURPLE</span> = the growth factor, <span class='ex-blue'>BLUE</span> = plugging into the formula, <span class='ex-red'>RED</span> = the answer</div>
1883	<span class='step-label'>Step 1:</span> $1000 grows 4% per year → growth factor: <span class='ex-purple'>1 + 0.04 = 1.04</span>
1884	<span class='step-label'>Step 2:</span> After 2 years: <span class='ex-blue'>y = 1000(1.04)²</span>
1885	<span class='step-label'>Step 3:</span> Answer: <span class='ex-red'>$1081.60</span>
1886	<div class='ex-notice'>Notice: the exponent is the number of time periods, NOT the rate.</div>
1887	Exponential Decay
1888	<span class='step-label'>Step 1:</span> A $20,000 car depreciates 10% per year → decay factor: <span class='ex-purple'>1 − 0.10 = 0.90</span>
1889	<span class='step-label'>Step 2:</span> After 3 years: <span class='ex-blue'>y = 20000(0.90)³</span>
1890	<span class='step-label'>Step 3:</span> Answer: <span class='ex-red'>$14,580</span>
1891	<div class='ex-notice'>Notice: decay uses (1 − rate), always a number less than 1.</div>
1892	$500 grows 6% per year. What is it worth after 2 years?
1893	Growth factor: 1 + 0.06 = 1.06
1894	Plug in: y = 500(1.06)²
1895	Answer: $561.80
1896	Growth factor: 1 + 0.06 = {{}}
1897	2 years, so apply it twice: 500 × 1.06 × 1.06 = {{}}
1898	A $10,000 car depreciates 15% per year. What is it worth after 2 years?
1899	Decay factor: 1 − 0.15 = 0.85
1900	Plug in: y = 10000(0.85)²
1901	Answer: $7225
1902	Decay factor: 1 − 0.15 = {{}}
1903	2 years, so apply it twice: 10000 × 0.85 × 0.85 = {{}}
1904	A population of 200 grows 10% per year. What is it after 1 year?
1905	Growth factor: 1 + 0.10 = 1.10
1906	Plug in: y = 200(1.10)¹
1907	Answer: 220
1908	Growth factor: {{}}
1909	$1000 grows 5% per year. What is it worth after 2 years?
1910	Growth factor: 1 + 0.05 = 1.05
1911	Plug in: y = 1000(1.05)²
1912	Answer: $1102.50
1913	A $50,000 machine depreciates 20% per year. What is it worth after 2 years?
1914	Decay factor: 1 − 0.20 = 0.80
1915	Plug in: y = 50000(0.80)²
1916	Answer: $32000
1917	A population of 300 grows 8% per year. What is it after 1 year?
1918	Growth factor: 1 + 0.08 = 1.08
1919	Plug in: y = 300(1.08)¹
1920	Answer: 324
1921	$2000 grows 10% per year. What is it worth after 2 years?
1922	Plug in: y = 2000(1.10)²
1923	Answer: $2420
1924	A $4000 laptop depreciates 25% per year. What is it worth after 1 year?
1925	Decay factor: 1 − 0.25 = 0.75
1926	Plug in: y = 4000(0.75)¹
1927	Answer: $3000
1928	$100 grows 50% per year. What is it worth after 2 years?
1929	Growth factor: 1 + 0.50 = 1.50
1930	Plug in: y = 100(1.50)²
1931	Answer: $225
1932	Arithmetic Sequences
1933	The algebra behind any pattern that changes by the same fixed amount every step — like seating rows, savings with equal deposits, or a countdown.
1934	Find the common difference d by subtracting any term from the one right after it. Use the formula aₙ = a₁ + (n − 1)d, where a₁ is the first term and n is which term number you want.
1935	Common Difference (d)
1936	The fixed amount added to get from one term to the next.
1937	In 3, 7, 11, 15…, the common difference is 4.
1938	nth Term
1939	A formula that lets you find any term in the sequence directly, without listing every term before it.
1940	aₙ = a₁ + (n−1)d finds the nth term.
1941	Finding the Common Difference & a Term
1942	<div class='ex-legend'><span class='ex-purple'>PURPLE</span> = the common difference, <span class='ex-blue'>BLUE</span> = plugging into the formula, <span class='ex-red'>RED</span> = the answer</div>
1943	<span class='step-label'>Step 1:</span> 5, 9, 13, 17… — subtract consecutive terms: <span class='ex-purple'>d = 9 − 5 = 4</span>
1944	<span class='step-label'>Step 2:</span> Find the 10th term: <span class='ex-blue'>aₙ = 5 + (10 − 1)(4) = 5 + 36</span>
1945	<span class='step-label'>Step 3:</span> Answer: <span class='ex-red'>a₁₀ = 41</span>
1946	<div class='ex-notice'>Notice: it's (n − 1), not n — you only ADD d after the first term, never before it.</div>
1947	A Decreasing Sequence
1948	<span class='step-label'>Step 1:</span> 20, 16, 12, 8… — subtract consecutive terms: <span class='ex-purple'>d = 16 − 20 = −4</span>
1949	<span class='step-label'>Step 2:</span> Find the 7th term: <span class='ex-blue'>aₙ = 20 + (7 − 1)(−4) = 20 − 24</span>
1950	<span class='step-label'>Step 3:</span> Answer: <span class='ex-red'>a₇ = −4</span>
1951	<div class='ex-notice'>Notice: a negative common difference just means the sequence is shrinking — the formula works the same way.</div>
1952	Find the common difference: 2, 6, 10, 14…
1953	Subtract consecutive terms: 6 − 2 = 4
1954	Answer: d = 4
1955	Find the 5th term of 3, 7, 11, 15… (d = 4)
1956	Use aₙ = a₁ + (n−1)d: a₅ = 3 + (5−1)(4)
1957	Answer: 19
1958	Find the 8th term of 50, 45, 40… (d = −5)
1959	Use aₙ = a₁ + (n−1)d: a₈ = 50 + (8−1)(−5)
1960	Answer: 15
1961	Find the common difference: 4, 9, 14, 19…
1962	Subtract consecutive terms: 9 − 4 = 5
1963	Answer: d = 5
1964	Find the common difference: 30, 24, 18, 12…
1965	Subtract consecutive terms: 24 − 30 = −6
1966	Answer: d = −6
1967	Find the 6th term of 1, 4, 7, 10… (d = 3)
1968	Use aₙ = a₁ + (n−1)d: a₆ = 1 + (6−1)(3)
1969	Find the 10th term of 2, 5, 8, 11… (d = 3)
1970	Use aₙ = a₁ + (n−1)d: a₁₀ = 2 + (10−1)(3)
1971	Answer: 29
1972	Find the 4th term of 100, 88, 76… (d = −12)
1973	Use aₙ = a₁ + (n−1)d: a₄ = 100 + (4−1)(−12)
1974	Answer: 64
1975	Find the 20th term of 7, 10, 13… (d = 3)
1976	Use aₙ = a₁ + (n−1)d: a₂₀ = 7 + (20−1)(3)
1977	Data & Statistics Basics
1978	Summarizes a whole list of numbers with just a few values, so you can describe and compare data sets quickly — the foundation for reading any chart or study.
1979	Mean: add every value, divide by how many values there are. Median: sort the values, then pick the middle one (average the two middle ones if there's an even count). Mode: whichever value shows up most often. Range: largest value minus smallest value.
1980	Mean
1981	The average — the sum of all values divided by how many values there are.
1982	The mean of 2, 4, 6 is 12÷3 = 4.
1983	Median
1984	The middle value when a data set is sorted from least to greatest.
1985	The median of 1, 3, 9 is 3.
1986	Mode
1987	The value that appears most often in a data set.
1988	The mode of 2, 2, 5, 7 is 2.
1989	Mean & Median
1990	<div class='ex-legend'><span class='ex-purple'>PURPLE</span> = the sum / sorted order, <span class='ex-blue'>BLUE</span> = the division / middle pick, <span class='ex-red'>RED</span> = the answer</div>
1991	<span class='step-label'>Step 1:</span> Data: 4, 8, 6, 2, 10 — for the mean, add them all: <span class='ex-purple'>4+8+6+2+10 = 30</span>
1992	<span class='step-label'>Step 2:</span> Divide by how many values (5): <span class='ex-blue'>30 ÷ 5 = 6</span>
1993	<span class='step-label'>Step 3:</span> For the median, sort first: <span class='ex-purple'>2, 4, 6, 8, 10</span> — the middle value is <span class='ex-blue'>6</span>
1994	<span class='step-label'>Step 4:</span> Answer: mean <span class='ex-red'>6</span>, median <span class='ex-red'>6</span>
1995	<div class='ex-notice'>Notice: always sort the data before picking the median — order matters, listed order does not.</div>
1996	Mode & Range With an Even Count
1997	<span class='step-label'>Step 1:</span> Data: 3, 7, 3, 9 — the mode is whichever repeats: <span class='ex-purple'>3</span>
1998	<span class='step-label'>Step 2:</span> Sorted: 3, 3, 7, 9 — even count, so average the two middle values: <span class='ex-blue'>(3 + 7) ÷ 2 = 5</span>
1999	<span class='step-label'>Step 3:</span> Range = largest − smallest = 9 − 3 = 6
2000	<span class='step-label'>Step 4:</span> Answer: mode <span class='ex-red'>3</span>, median <span class='ex-red'>5</span>, range <span class='ex-red'>6</span>
2001	<div class='ex-notice'>Notice: with an even number of values, the median is the AVERAGE of the two middle ones, not either one alone.</div>
2002	Find the mean of: 5, 10, 15, 20
2003	Add them all: 5+10+15+20 = 50
2004	Divide by 4: 50 ÷ 4 = 12.5
2005	Answer: 12.5
2006	Sum: 5+10+15+20 = {{}}
2007	Find the median of: 9, 3, 7, 1, 5
2008	Sort: 1, 3, 5, 7, 9
2009	Pick the middle value: 5
2010	Sorted order: 1, 3, {{}}, 7, 9
2011	Find the mode of: 4, 6, 4, 9, 4, 2
2012	Count how many times each value appears.
2013	4 appears three times — more than any other.
2014	Which value repeats the most? {{}}
2015	Find the median of: 7, 1, 9, 3  (even count — average the two middle values)
2016	Sort: 1, 3, 7, 9
2017	Even count, so average the two middle values: (3 + 7) ÷ 2
2018	Sorted order: 1, 3, 7, {{}}
2019	Step 2 (even count — average the middle two)
2020	Find the range of: 4, 17, 9, 2, 11
2021	Range = largest − smallest.
2022	Largest is {{}}, smallest is {{}}
2023	Find the mean of: 2, 4, 6, 8, 10
2024	Add them all: 2+4+6+8+10 = 30
2025	Divide by 5: 30 ÷ 5 = 6
2026	Answer: 6
2027	Find the median of: 12, 4, 8, 20, 16
2028	Sort: 4, 8, 12, 16, 20
2029	Pick the middle value: 12
2030	Answer: 12
2031	Find the mode of: 7, 2, 7, 5, 7, 9
2032	7 appears three times — more than any other.
2033	Answer: 7
2034	Find the range of: 3, 15, 8, 22, 6
2035	Range = largest − smallest = 22 − 3
2036	Find the median of: 10, 2, 8, 4  (even count — average the two middle values)
2037	Sort: 2, 4, 8, 10
2038	Average the two middle values: (4 + 8) ÷ 2
2039	Find the mean of: 90, 85, 95, 80, 100
2040	Add them all: 90+85+95+80+100 = 450
2041	Divide by 5: 450 ÷ 5 = 90
2042	Answer: 90
2043	Core Vocabulary
2044	Variable
2045	A letter that stands in for a number that can change or isn't known yet.
2046	In 3x + 1, x is the variable.
2047	Constant
2048	A plain number in an expression that doesn't change.
2049	In 3x + 1, the 1 is the constant.
2050	In 3x, the coefficient is 3.
2051	Term
2052	A single number, variable, or product of numbers and variables, separated from others by + or −.
2053	3x² − 5x + 1 has three terms: 3x², −5x, and 1.
2054	Expression
2055	A math phrase of numbers, variables, and operations with no equals sign.
2056	Equation
2057	A math statement that says two expressions are equal, using an = sign.
2058	Terms with the exact same variable part, which can be combined by adding/subtracting their coefficients.
2059	3x and 5x are like terms; 3x and 3x² are not.
2060	Exponents & Radicals
2061	A way to write very large or very small numbers as a number between 1 and 10 times a power of 10.
2062	A number produced by squaring a whole number.
2063	Expressions & Polynomials
2064	An expression made of added/subtracted terms with whole-number exponents.
2065	Monomial
2066	A polynomial with exactly one term.
2067	Degree
2068	The highest exponent on the variable in a polynomial.
2069	3x⁴ + x has degree 4.
2070	A way to multiply two binomials: First, Outer, Inner, Last — then combine like terms.
2071	Equations & Inequalities
2072	Solution
2073	A value that makes an equation or inequality true.
2074	x = 3 is the solution to x + 2 = 5.
2075	y = x + 2 and x + y = 10
2076	Substitution Method
2077	Solving a system by replacing one variable with an equivalent expression from the other equation.
2078	If y = x + 2, substitute (x+2) in for y elsewhere.
2079	Elimination Method
2080	Solving a system by adding or subtracting the equations (after scaling, if needed) so one variable cancels.
2081	2x+3y=7 and 3x−2y=4 → scale and add to cancel y.
2082	Two inequalities joined by "and" (between two values) or "or" (two separate ranges).
2083	Factoring & Quadratics
2084	The GCF of 6x and 9 is 3.
2085	Factoring
2086	Rewriting an expression as a product of simpler expressions that multiply back to it.
2087	A special pattern: a² − b² always factors into (a − b)(a + b).
2088	Quadratic Equation
2089	An equation where the highest exponent on the variable is 2.
2090	The part of the quadratic formula under the root, b² − 4ac — it tells you how many real solutions exist.
2091	For x²−4x−1=0: discriminant = 16+4 = 20
2092	The highest or lowest point of a parabola.
2093	The parabola y = x² has its vertex at (0, 0).
2094	Parabola
2095	The U-shaped curve made by graphing a quadratic equation.
2096	y = x² graphs as a parabola opening upward.
2097	Roots / Zeros / x-intercepts
2098	The x-values where a graph crosses the x-axis — these are the same as the solutions to the equation.
2099	x² − 4 = 0 has roots x = 2 and x = −2.
2100	Rational Expressions
2101	Rational Expression
2102	A fraction with a polynomial in the numerator and/or denominator.
2103	Extraneous Solution
2104	A value that pops out of solving but doesn't actually work in the original equation (often because it makes a denominator zero).
2105	Always check your answer back in the original denominator.
2106	Graphing & Functions
2107	How steep a line is — the amount y changes for every 1 unit x changes.
2108	A slope of 3 means y goes up 3 for every 1 across.
2109	The point where a line crosses the y-axis (where x = 0).
2110	In y = 3x − 5, the y-intercept is −5.
2111	x-intercept
2112	The point where a graph crosses the x-axis (where y = 0).
2113	The line y = 2x − 4 crosses the x-axis at x = 2.
2114	A rule that takes an input and gives exactly one output.
2115	f(x) = x² takes any x and outputs its square.
2116	Function Notation
2117	Writing f(x) instead of y, to show the output of function f for a given input x.
2118	f(−2) means "plug −2 in for x."
2119	All the possible input (x) values a function can accept.
2120	For f(x) = 1/(x−5), the domain is all real numbers except x = 5.
2121	All the possible output (y) values a function can produce.
2122	Key Formulas
2123	Slope Formula
2124	The slope between two known points.
2125	Slope-Intercept Form
2126	y = mx + b, where m is the slope and b is the y-intercept.
2127	Point-Slope Form
2128	y − y₁ = m(x − x₁), used to write a line's equation from a point and a slope.
2129	Quadratic Formula
2130	x = (−b ± √(b² − 4ac)) / 2a, solves any quadratic ax² + bx + c = 0.
2131	Works even when factoring doesn't.
2132	y = kx — y grows proportionally with x.
2133	More hours worked, proportionally more pay.
2134	y = k / x — as x grows, y shrinks proportionally.
2135	More workers, proportionally less time.
2136	Exponential Growth/Decay
2137	y = a(1 ± r)ᵗ — a starting amount changing by a steady percent rate over time.
2138	Growth uses (1 + r), decay uses (1 − r).
2139	Arithmetic Sequence
2140	aₙ = a₁ + (n − 1)d — each term is the first term plus (n−1) times the common difference.
2141	2, 5, 8, 11, … has d = 3.
