Exponent Rules	Reglas de los exponentes
Lets you simplify big expressions instantly instead of multiplying everything out by hand.	Te permite simplificar expresiones grandes al instante, en vez de multiplicarlo todo a mano.
Exponent	Exponente
The small raised number that shows how many times to multiply the base by itself.	El número pequeño elevado que indica cuántas veces se multiplica la base por sí misma.
In x⁵, the exponent is 5.	En x⁵, el exponente es 5.
Base	Base
The number or variable being multiplied repeatedly.	El número o la variable que se multiplica repetidamente.
In x⁵, the base is x.	En x⁵, la base es x.
add	sumas
subtract	restas
multiply	multiplicas
Final answer	Respuesta final
Anything raised to the power of 0 equals {{}} (as long as x ≠ 0).	Cualquier número elevado a la potencia 0 es igual a {{}} (siempre que x ≠ 0).
x⁻² = ? (as a fraction)	x⁻² = ? (como fracción)
A negative exponent means you {{}} it into a fraction.	Un exponente negativo significa que tú lo {{}} y lo conviertes en fracción.
flip	volteas
square	elevas al cuadrado
x⁻² becomes 1 over {{}}	x⁻² se convierte en 1 sobre {{}}
x⁻³ = ? (as a fraction)	x⁻³ = ? (como fracción)
Scientific Notation	Notación científica
Used anytime a number is huge (distances in space) or tiny (the size of a cell) so you don't write a wall of zeros.	Se usa cuando un número es enorme (distancias en el espacio) o diminuto (el tamaño de una célula), para no escribir una pared de ceros.
A way to write very large or very small numbers as a number between 1 and 10 multiplied by a power of 10.	Una forma de escribir números muy grandes o muy pequeños como un número entre 1 y 10 multiplicado por una potencia de 10.
6.7 × 10⁴ means 6.7 multiplied by 10,000.	6.7 × 10⁴ significa 6.7 multiplicado por 10,000.
<div class='ex-legend'><span class='ex-purple'>PURPLE</span> = the direction you move, <span class='ex-blue'>BLUE</span> = how many places, <span class='ex-red'>RED</span> = the answer</div>	<div class='ex-legend'><span class='ex-purple'>MORADO</span> = la dirección en que mueves, <span class='ex-blue'>AZUL</span> = cuántos lugares, <span class='ex-red'>ROJO</span> = la respuesta</div>
<div class='ex-notice'>Notice: big numbers move LEFT and get a POSITIVE exponent.</div>	<div class='ex-notice'>Fíjate: los números grandes se mueven a la IZQUIERDA y llevan exponente POSITIVO.</div>
<div class='ex-notice'>Notice: tiny numbers move RIGHT and get a NEGATIVE exponent.</div>	<div class='ex-notice'>Fíjate: los números diminutos se mueven a la DERECHA y llevan exponente NEGATIVO.</div>
Write 6,200 in scientific notation.	Escribe 6,200 en notación científica.
Count the digits the decimal hopped over:###DP:6:2,0,0:###	Cuenta los dígitos que saltó el decimal:###DP:6:2,0,0:###
Move the decimal until one digit is in front: {{}}	Mueve el decimal hasta que quede un dígito delante: {{}}
That's {{}} places, and 6,200 is a big number, so the exponent is {{}}.	Son {{}} lugares, y 6,200 es un número grande, así que el exponente es {{}}.
positive	positivo
negative	negativo
Write 0.00072 in scientific notation.	Escribe 0.00072 en notación científica.
Count the digits the decimal hopped over:###DP::0,0,0,7:2###	Cuenta los dígitos que saltó el decimal:###DP::0,0,0,7:2###
That's {{}} places, and 0.00072 is a tiny number, so the exponent is {{}}.	Son {{}} lugares, y 0.00072 es un número diminuto, así que el exponente es {{}}.
Write 2.5 × 10³ in standard form.	Escribe 2.5 × 10³ en forma estándar.
The exponent is +3, so move the decimal {{}} 3 places.	El exponente es +3, así que mueve el decimal a la {{}} 3 lugares.
right	derecha
left	izquierda
2.5 becomes: {{}}	2.5 se convierte en: {{}}
Multiply the front numbers: 3 × 2 = {{}}	Multiplica los números de adelante: 3 × 2 = {{}}
Add the exponents: 2 + 3 = {{}}	Suma los exponentes: 2 + 3 = {{}}
Write 52,000 in scientific notation.	Escribe 52,000 en notación científica.
Count the digits the decimal hopped over:###DP:5:2,0,0,0:###	Cuenta los dígitos que saltó el decimal:###DP:5:2,0,0,0:###
Write 0.0081 in scientific notation.	Escribe 0.0081 en notación científica.
Count the digits the decimal hopped over:###DP::0,0,8:1###	Cuenta los dígitos que saltó el decimal:###DP::0,0,8:1###
Write 3.4 × 10⁵ in standard form.	Escribe 3.4 × 10⁵ en forma estándar.
Write 7.2 × 10⁻³ in standard form.	Escribe 7.2 × 10⁻³ en forma estándar.
Simplifying Square Roots	Raíces cuadradas: simplificación
Answers are usually expected in simplest form (like turning √50 into 5√2) — exact grading rules vary, but it's the safest habit to build.	Normalmente se espera la respuesta en su forma más simple (como convertir √50 en 5√2); las reglas exactas de calificación varían, pero es el hábito más seguro.
Perfect Square	Cuadrado perfecto
A number you get by squaring a whole number.	Un número que se obtiene al elevar al cuadrado un número entero.
9 is a perfect square because 3 × 3 = 9.	9 es un cuadrado perfecto porque 3 × 3 = 9.
Radical	Radical
The √ symbol together with whatever is underneath it.	El símbolo √ junto con todo lo que está debajo de él.
In √50, the radical is the whole √50.	En √50, el radical es todo el √50.
Simplifying √50	Simplificar √50
Simplifying √48	Simplificar √48
Largest perfect square that divides 27: {{}}	Cuadrado perfecto más grande que divide a 27: {{}}
√9 = {{}}, pull it out front	√9 = {{}}, sácalo hacia adelante
Largest perfect square that divides 80: {{}}	Cuadrado perfecto más grande que divide a 80: {{}}
√16 = {{}}, pull it out front	√16 = {{}}, sácalo hacia adelante
Largest perfect square that divides 98: {{}}	Cuadrado perfecto más grande que divide a 98: {{}}
√49 = {{}}, pull it out front	√49 = {{}}, sácalo hacia adelante
Solving Inequalities	Desigualdades: cómo resolverlas
Describes a range of acceptable answers, like a budget or a speed limit, instead of one exact number.	Describe un rango de respuestas aceptables, como un presupuesto o un límite de velocidad, en vez de un número exacto.
Inequality	Desigualdad
A statement comparing two expressions with <, >, ≤, or ≥ instead of an equals sign.	Una afirmación que compara dos expresiones con <, >, ≤ o ≥ en lugar de un signo de igual.
x > 7 means x can be any number greater than 7.	x > 7 significa que x puede ser cualquier número mayor que 7.
A Regular Inequality	Una desigualdad normal
Dividing by a Negative	Dividir entre un negativo
What do you do to both sides? {{}} 3	¿Qué haces en ambos lados? {{}} 3
divide	divides entre
What do you do to both sides? {{}} by 4	¿Qué haces en ambos lados? {{}} 4
Is 4 positive or negative? {{}} — so the sign stays the same	¿El 4 es positivo o negativo? {{}}, así que el signo se queda igual
Subtract 2 from both sides: −3x > {{}}	Resta 2 en ambos lados: −3x > {{}}
Divide both sides by −3 — positive or negative? {{}} — so the sign {{}}	Divide ambos lados entre −3: ¿positivo o negativo? {{}}, así que el signo {{}}
flips	se voltea
stays the same	se queda igual
−2x + 5 ≥ −9  (divide by a negative!)	−2x + 5 ≥ −9  (¡divide entre un negativo!)
4x + 3 > 7x − 12  (divide by a negative!)	4x + 3 > 7x − 12  (¡divide entre un negativo!)
−5x − 2 ≤ 18  (divide by a negative!)	−5x − 2 ≤ 18  (¡divide entre un negativo!)
Absolute Value Equations	Ecuaciones con valor absoluto
Absolute value shows up anywhere you care about a distance or a difference, not a direction.	El valor absoluto aparece siempre que te importa una distancia o una diferencia, no una dirección.
Absolute Value	Valor absoluto
The distance a number is from 0 on the number line — always positive or zero.	La distancia a la que está un número del 0 en la recta numérica; siempre es positiva o cero.
|−5| = 5 and |5| = 5	|−5| = 5 y |5| = 5
A Standard Case	Un caso estándar
Another Case	Otro caso
x = 8  or  x = 2	x = 8  o  x = 2
x = 8 or x = 2	x = 8 o x = 2
x = 3  or  x = −6	x = 3  o  x = −6
x = 3 or x = -6	x = 3 o x = -6
A distance of exactly 0 has how many cases? {{}} (just one!)	¿Cuántos casos tiene una distancia de exactamente 0? {{}} (¡solo uno!)
one	uno
two	dos
x = 5  or  x = −13	x = 5  o  x = −13
x = 8  or  x = 4	x = 8  o  x = 4
x = 4  or  x = −10	x = 4  o  x = −10
x = 6  or  x = −2	x = 6  o  x = −2
|x + 7| = 0  (how many answers?)	|x + 7| = 0  (¿cuántas respuestas?)
x = −7  (only one!)	x = −7  (¡solo una!)
x = 6  or  x = −5	x = 6  o  x = −5
Systems of Equations	Sistemas de ecuaciones
Lets you solve for two unknowns at once — like finding the price of two items from two purchases.	Te permite hallar dos incógnitas a la vez, como el precio de dos artículos a partir de dos compras.
System of Equations	Sistema de ecuaciones
Two or more equations that share the same variables, solved together.	Dos o más ecuaciones que comparten las mismas variables y se resuelven juntas.
y = x + 2 and x + y = 10 form a system.	y = x + 2 y x + y = 10 forman un sistema.
Substituting a Given Expression	Sustituir una expresión dada
Substituting 3x for y	Sustituir 3x en lugar de y
y = x + 1  and  x + y = 9	y = x + 1  y  x + y = 9
Plug x = 4 back in: y = 4 + 1 = {{}}	Pon x = 4 de vuelta: y = 4 + 1 = {{}}
x + y = 14  and  x − y = 4	x + y = 14  y  x − y = 4
y = 3x − 1  and  x + y = 11	y = 3x − 1  y  x + y = 11
Plug x = 3 back in: y = 3(3) − 1 = {{}}	Pon x = 3 de vuelta: y = 3(3) − 1 = {{}}
y = x − 10  and  x + y = 4  (watch the signs!)	y = x − 10  y  x + y = 4  (¡fíjate en los signos!)
Plug x = 7 back in: y = 7 − 10 = {{}}	Pon x = 7 de vuelta: y = 7 − 10 = {{}}
y = x + 3  and  x + y = 11	y = x + 3  y  x + y = 11
y = 2x  and  3x + y = 25	y = 2x  y  3x + y = 25
x + y = 12  and  x − y = 2	x + y = 12  y  x − y = 2
2x + y = 9  and  y = x − 3	2x + y = 9  y  y = x − 3
3x − y = 7  and  y = 2x − 5	3x − y = 7  y  y = 2x − 5
x + 2y = 10  and  x − y = 1	x + 2y = 10  y  x − y = 1
Simplifying Rational Expressions	Simplificar expresiones racionales
The gateway skill to rational equations and functions, used in science formulas for rates and densities.	Es la habilidad que abre la puerta a las ecuaciones y funciones racionales, y se usa en fórmulas de ciencias para tasas y densidades.
Numerator	Numerador
The top number or expression in a fraction.	El número o la expresión de arriba en una fracción.
In <span class='frac'><span class='frac-num'>3</span><span class='frac-den'>4</span></span>, the numerator is 3.	En <span class='frac'><span class='frac-num'>3</span><span class='frac-den'>4</span></span>, el numerador es 3.
Denominator	Denominador
The bottom number or expression in a fraction.	El número o la expresión de abajo en una fracción.
In <span class='frac'><span class='frac-num'>3</span><span class='frac-den'>4</span></span>, the denominator is 4.	En <span class='frac'><span class='frac-num'>3</span><span class='frac-den'>4</span></span>, el denominador es 4.
<div class='ex-legend'><span class='ex-purple'>PURPLE</span> = the factor that cancels, <span class='ex-blue'>BLUE</span> = the restriction it creates, <span class='ex-red'>RED</span> = the answer</div>	<div class='ex-legend'><span class='ex-purple'>MORADO</span> = el factor que se cancela, <span class='ex-blue'>AZUL</span> = la restricción que crea, <span class='ex-red'>ROJO</span> = la respuesta</div>
Another Cancel	Otra cancelación
<div class='ex-notice'>Notice: the purple factor cancels, but its blue restriction still carries over from the ORIGINAL denominator.</div>	<div class='ex-notice'>Fíjate: el factor morado se cancela, pero su restricción azul se mantiene porque viene del denominador ORIGINAL.</div>
x − 6, where x ≠ −6	x − 6, donde x ≠ −6
Factor the top: (x − 6)({{}})	Factoriza el numerador: (x − 6)({{}})
Cancel the matching (x + 6). What's left: {{}}	Cancela el (x + 6) que se repite. Lo que queda: {{}}
Restriction: x + 6 = 0 when x = {{}}	Restricción: x + 6 = 0 cuando x = {{}}
x - 6, where x != -6	x - 6, donde x != -6
x + 5, where x ≠ 0	x + 5, donde x ≠ 0
Factor the top: x({{}})	Factoriza el numerador: x({{}})
Cancel the matching x. What's left: {{}}	Cancela la x que se repite. Lo que queda: {{}}
Restriction: x = {{}}	Restricción: x = {{}}
x + 5, where x != 0	x + 5, donde x != 0
x + 3, where x ≠ 2	x + 3, donde x ≠ 2
Factor the top: (x + 3)({{}})	Factoriza el numerador: (x + 3)({{}})
Cancel the matching (x − 2). What's left: {{}}	Cancela el (x − 2) que se repite. Lo que queda: {{}}
Restriction: x − 2 = 0 when x = {{}}	Restricción: x − 2 = 0 cuando x = {{}}
x + 3, where x != 2	x + 3, donde x != 2
x − 4, where x ≠ −4	x − 4, donde x ≠ −4
x − 5, where x ≠ 0	x − 5, donde x ≠ 0
x + 5, where x ≠ 2	x + 5, donde x ≠ 2
x + 4, where x ≠ 0	x + 4, donde x ≠ 0
x + 7, where x ≠ 7	x + 7, donde x ≠ 7
x + 4, where x ≠ −3	x + 4, donde x ≠ −3
Compound Inequalities	Desigualdades compuestas
Describes a "between" situation — like a temperature range or a passing score range — with two boundaries.	Describe una situación "entre", como un rango de temperatura o un rango de notas para aprobar, con dos límites.
Compound Inequality	Desigualdad compuesta
Two inequalities combined into one statement, often a value sandwiched between two boundaries.	Dos desigualdades combinadas en una sola afirmación, muchas veces un valor entre dos límites.
−3 < x < 5 means x is between −3 and 5.	−3 < x < 5 significa que x está entre −3 y 5.
A Sandwiched Inequality	Una desigualdad en sándwich
Another One	Otro ejemplo
Joined by "or" Instead of Sandwiched	Unidas por "o" en vez de en sándwich
Subtract 1 from all three parts: {{}} < x < {{}}	Resta 1 a las tres partes: {{}} < x < {{}}
Divide all three parts by 3: {{}} ≤ x ≤ {{}}	Divide las tres partes entre 3: {{}} ≤ x ≤ {{}}
Divide all three parts by −4 — do the signs flip? {{}}	Divide las tres partes entre −4: ¿se voltean los signos? {{}}
yes	sí
Rewritten in order: {{}} < x < {{}}	Reescrito en orden: {{}} < x < {{}}
Step 1 (first inequality)	Paso 1 (primera desigualdad)
Step 2 (second inequality)	Paso 2 (segunda desigualdad)
−10 < −2x < 4  (divide by a negative!)	−10 < −2x < 4  (¡divide entre un negativo!)
Systems — Elimination	Sistemas: eliminación
Often faster than substitution and the method you'll reach for most in later math courses.	A menudo es más rápida que la sustitución y es el método que más vas a usar en cursos de matemáticas más adelante.
Elimination	Eliminación
Solving a system by adding or subtracting the equations so one variable cancels out.	Resolver un sistema sumando o restando las ecuaciones para que una variable se cancele.
Adding (x+y=5) and (x−y=1) cancels y, leaving 2x=6.	Al sumar (x+y=5) y (x−y=1) se cancela y, y queda 2x=6.
Adding to Eliminate	Sumar para eliminar
Adding Again	Sumar otra vez
x + y = 7  and  x − y = 1	x + y = 7  y  x − y = 1
Are the y's opposite or matching? {{}} — so you should {{}} the equations	¿Las y son opuestas o iguales? {{}}, así que tú {{}} las ecuaciones
opposite	opuestas
matching	iguales
2x + 3y = 12  and  2x − 3y = 0	2x + 3y = 12  y  2x − 3y = 0
3x + y = 11  and  x + y = 5	3x + y = 11  y  x + y = 5
x + y = 9  and  x − y = 3	x + y = 9  y  x − y = 3
2x + y = 13  and  x − y = 2	2x + y = 13  y  x − y = 2
3x + 2y = 16  and  3x − 2y = 8	3x + 2y = 16  y  3x − 2y = 8
4x + y = 18  and  2x + y = 10	4x + y = 18  y  2x + y = 10
x + 3y = 11  and  x + y = 5	x + 3y = 11  y  x + y = 5
5x − 2y = 16  and  3x + 2y = 16	5x − 2y = 16  y  3x + 2y = 16
Binomial × Trinomial	Binomio por trinomio
Builds on FOIL and shows up in geometry (area/volume expressions) and polynomial division.	Se apoya en FOIL y aparece en geometría (expresiones de área y volumen) y en la división de polinomios.
Binomial	Binomio
A polynomial with exactly two terms.	Un polinomio con exactamente dos términos.
x + 3 is a binomial.	x + 3 es un binomio.
Trinomial	Trinomio
A polynomial with exactly three terms.	Un polinomio con exactamente tres términos.
x² + 2x + 3 is a trinomial.	x² + 2x + 3 es un trinomio.
Distributing Across a Trinomial	Distribuir sobre un trinomio
<div class='ex-legend'><span class='ex-purple'>PURPLE</span> = the first term you distribute, <span class='ex-blue'>BLUE</span> = the second term you distribute, <span class='ex-red'>RED</span> = the answer</div>	<div class='ex-legend'><span class='ex-purple'>MORADO</span> = el primer término que distribuyes, <span class='ex-blue'>AZUL</span> = el segundo término que distribuyes, <span class='ex-red'>ROJO</span> = la respuesta</div>
Distribute x: {{}}	Distribuye la x: {{}}
Distribute 2: {{}}	Distribuye el 2: {{}}
Add the matching terms: x² terms 1x² + 2x² = {{}}, x terms 1x + 2x = {{}}	Suma los términos semejantes: términos x²: 1x² + 2x² = {{}}, términos x: 1x + 2x = {{}}
Distribute −3: {{}}	Distribuye el −3: {{}}
Add the matching terms: x² terms 2x² − 3x² = {{}}, x terms 4x − 6x = {{}}	Suma los términos semejantes: términos x²: 2x² − 3x² = {{}}, términos x: 4x − 6x = {{}}
Distribute 2x: {{}}	Distribuye el 2x: {{}}
Distribute 3: {{}}	Distribuye el 3: {{}}
Add the matching terms: x² terms −2x² + 3x² = {{}}, x terms 4x − 3x = {{}}	Suma los términos semejantes: términos x²: −2x² + 3x² = {{}}, términos x: 4x − 3x = {{}}
(x + 1)(x² − x + 1)  (watch what cancels!)	(x + 1)(x² − x + 1)  (¡fíjate en lo que se cancela!)
Distribute 1: {{}}	Distribuye el 1: {{}}
Add the matching terms: x² terms −x² + x² = {{}}, x terms x − x = {{}}	Suma los términos semejantes: términos x²: −x² + x² = {{}}, términos x: x − x = {{}}
Combine like terms (most of it cancels): {{}}	Combina los términos semejantes (casi todo se cancela): {{}}
GCF Factoring	Factorización por factor común (MCD)
Always the first thing to check — skipping it is the single most common factoring mistake.	Siempre es lo primero que debes revisar: saltártelo es el error más común al factorizar.
Coefficient	Coeficiente
The number multiplied in front of a variable.	El número que multiplica a una variable y va delante de ella.
In 6x², the coefficient is 6.	En 6x², el coeficiente es 6.
GCF (Greatest Common Factor)	MCD (máximo común divisor)
The largest expression that divides evenly into every term.	La expresión más grande que divide exactamente a todos los términos.
The GCF of 6x² and 9x is 3x.	El MCD de 6x² y 9x es 3x.
Factoring Out the GCF	Sacar el MCD como factor común
<div class='ex-notice'>Notice: the purple GCF goes out front, and the blue leftovers go inside the parentheses.</div>	<div class='ex-notice'>Fíjate: el MCD morado va adelante, y lo que sobra (azul) va dentro del paréntesis.</div>
GCF of the coefficients 6 and 15: {{}}	MCD de los coeficientes 6 y 15: {{}}
Full GCF (with the variable): {{}}	MCD completo (con la variable): {{}}
Divide each term by 3x: {{}} and {{}}	Divide cada término entre 3x: {{}} y {{}}
GCF of the coefficients 20 and 30: {{}}	MCD de los coeficientes 20 y 30: {{}}
Divide each term by 10x: {{}} and {{}}	Divide cada término entre 10x: {{}} y {{}}
GCF of the coefficients 18 and 24: {{}}	MCD de los coeficientes 18 y 24: {{}}
Full GCF (smallest power of x in both is x²): {{}}	MCD completo (la potencia más pequeña de x en ambos es x²): {{}}
Divide each term by 6x²: {{}} and {{}}	Divide cada término entre 6x²: {{}} y {{}}
Difference of Squares	Diferencia de cuadrados
A pattern worth memorizing — it appears constantly in factoring and simplifying rational expressions.	Un patrón que vale la pena memorizar: aparece constantemente al factorizar y al simplificar expresiones racionales.
One perfect square MINUS another perfect square always factors into (a − b)(a + b). Take the square root of the first term to get a, and the square root of the second term to get b, then drop them straight into that pattern.	Un cuadrado perfecto MENOS otro cuadrado perfecto siempre se factoriza como (a − b)(a + b). Saca la raíz cuadrada del primer término para obtener a, y la raíz cuadrada del segundo término para obtener b, y luego ponlas directamente en ese patrón.
An expression in the form a² − b², which always factors into (a − b)(a + b).	Una expresión de la forma a² − b², que siempre se factoriza como (a − b)(a + b).
A Basic Case	Un caso básico
<div class='ex-legend'><span class='ex-purple'>PURPLE</span> = the square root of the first term, <span class='ex-blue'>BLUE</span> = the square root of the second term, <span class='ex-red'>RED</span> = the answer</div>	<div class='ex-legend'><span class='ex-purple'>MORADO</span> = la raíz cuadrada del primer término, <span class='ex-blue'>AZUL</span> = la raíz cuadrada del segundo término, <span class='ex-red'>ROJO</span> = la respuesta</div>
Square root of x²: {{}}	Raíz cuadrada de x²: {{}}
Square root of 4: {{}}	Raíz cuadrada de 4: {{}}
Square root of 16x²: {{}}	Raíz cuadrada de 16x²: {{}}
Square root of 25: {{}}	Raíz cuadrada de 25: {{}}
Square root of 100: {{}}	Raíz cuadrada de 100: {{}}
Factoring (Leading Coefficient)	Factorización (con coeficiente principal)
Most real trinomials you'll factor have a number in front of x² — this is the method you'll use most.	La mayoría de los trinomios reales que vas a factorizar tienen un número delante de x²; este es el método que más vas a usar.
Leading Coefficient	Coeficiente principal
The coefficient of the highest-power term in a polynomial.	El coeficiente del término de mayor potencia de un polinomio.
In 2x² + 5x + 2, the leading coefficient is 2.	En 2x² + 5x + 2, el coeficiente principal es 2.
The ac Method	El método ac
<div class='ex-legend'><span class='ex-purple'>PURPLE</span> = the two numbers you find, <span class='ex-blue'>BLUE</span> = the grouped pairs, <span class='ex-red'>RED</span> = the answer</div>	<div class='ex-legend'><span class='ex-purple'>MORADO</span> = los dos números que encuentras, <span class='ex-blue'>AZUL</span> = los pares agrupados, <span class='ex-red'>ROJO</span> = la respuesta</div>
Step 2 (order doesn't matter)	Paso 2 (el orden no importa)
Two numbers that multiply to 8 and add to 9: {{}} and {{}}	Dos números que multiplicados dan 8 y sumados dan 9: {{}} y {{}}
Step 3 (use your two numbers, any order)	Paso 3 (usa tus dos números, en cualquier orden)
Split the middle term: 2x² + {{}}x + {{}}x + 4	Separa el término del medio: 2x² + {{}}x + {{}}x + 4
Two numbers that multiply to 12 and add to 8: {{}} and {{}}	Dos números que multiplicados dan 12 y sumados dan 8: {{}} y {{}}
Split the middle term: 3x² + {{}}x + {{}}x + 4	Separa el término del medio: 3x² + {{}}x + {{}}x + 4
Two numbers that multiply to −12 and add to 1: {{}} and {{}}	Dos números que multiplicados dan −12 y sumados dan 1: {{}} y {{}}
Split the middle term: 2x² + {{}}x + {{}}x − 6	Separa el término del medio: 2x² + {{}}x + {{}}x − 6
Completing the Square	Completar el cuadrado
Also used to find the vertex of a parabola, and it's how the quadratic formula itself is derived.	También se usa para hallar el vértice de una parábola, y así es como se deduce la propia fórmula cuadrática.
Perfect Square Trinomial	Trinomio cuadrado perfecto
A trinomial that factors into (x + n)² for some number n.	Un trinomio que se factoriza como (x + n)² para algún número n.
<div class='ex-legend'><span class='ex-purple'>PURPLE</span> = half the x-coefficient, squared, <span class='ex-blue'>BLUE</span> = added to both sides, <span class='ex-red'>RED</span> = the answer</div>	<div class='ex-legend'><span class='ex-purple'>MORADO</span> = la mitad del coeficiente de x, al cuadrado, <span class='ex-blue'>AZUL</span> = lo que se suma a ambos lados, <span class='ex-red'>ROJO</span> = la respuesta</div>
<div class='ex-notice'>Notice: the purple number (half the x-coefficient, squared) always gets added to both sides to make a perfect square.</div>	<div class='ex-notice'>Fíjate: el número morado (la mitad del coeficiente de x, al cuadrado) siempre se suma a ambos lados para formar un cuadrado perfecto.</div>
When the Number Isn't a Perfect Square	Cuando el número no es un cuadrado perfecto
x = −2  or  x = −4	x = −2  o  x = −4
Move the constant: x² + 6x = {{}}	Pasa la constante: x² + 6x = {{}}
Half of 6 is 3, squared is {{}} — add to both sides: (x + 3)² = {{}}	La mitad de 6 es 3, y al cuadrado es {{}}; súmalo a ambos lados: (x + 3)² = {{}}
Square root both sides: x + 3 = ±{{}}	Saca la raíz cuadrada de ambos lados: x + 3 = ±{{}}
x = -2 or x = -4	x = -2 o x = -4
x = 5  or  x = 3	x = 5  o  x = 3
Move the constant: x² − 8x = {{}}	Pasa la constante: x² − 8x = {{}}
Half of −8 is −4, squared is {{}} — add to both sides: (x − 4)² = {{}}	La mitad de −8 es −4, y al cuadrado es {{}}; súmalo a ambos lados: (x − 4)² = {{}}
Square root both sides: x − 4 = ±{{}}	Saca la raíz cuadrada de ambos lados: x − 4 = ±{{}}
x = 5 or x = 3	x = 5 o x = 3
x = 2  or  x = −4	x = 2  o  x = −4
Move the constant: x² + 2x = {{}}	Pasa la constante: x² + 2x = {{}}
Half of 2 is 1, squared is {{}} — add to both sides: (x + 1)² = {{}}	La mitad de 2 es 1, y al cuadrado es {{}}; súmalo a ambos lados: (x + 1)² = {{}}
Square root both sides: x + 1 = ±{{}}	Saca la raíz cuadrada de ambos lados: x + 1 = ±{{}}
x = 2 or x = -4	x = 2 o x = -4
x² + 2x − 1 = 0  (leave a √ in it)	x² + 2x − 1 = 0  (deja un √ en la respuesta)
Step 3 (2 isn't a perfect square — leave the radical)	Paso 3 (2 no es un cuadrado perfecto: deja el radical)
Square root both sides: x + 1 = ±√{{}}	Saca la raíz cuadrada de ambos lados: x + 1 = ±√{{}}
x = 1  or  x = −5	x = 1  o  x = −5
x = 4  or  x = −2	x = 4  o  x = −2
x = −1  or  x = −7	x = −1  o  x = −7
x = 5  or  x = 1	x = 5  o  x = 1
x = 3  or  x = −5	x = 3  o  x = −5
x² + 2x − 4 = 0  (leave a √ in it)	x² + 2x − 4 = 0  (deja un √ en la respuesta)
x² − 4x − 1 = 0  (leave a √ in it)	x² − 4x − 1 = 0  (deja un √ en la respuesta)
The Quadratic Formula	La fórmula cuadrática
The one method that solves ANY quadratic, even ones that don't factor nicely.	El único método que resuelve CUALQUIER ecuación cuadrática, incluso las que no se factorizan fácilmente.
Discriminant	Discriminante
The part under the square root in the quadratic formula, b² − 4ac.	La parte que está debajo de la raíz cuadrada en la fórmula cuadrática, b² − 4ac.
For x² + 3x − 10 = 0, the discriminant is 9 + 40 = 49.	Para x² + 3x − 10 = 0, el discriminante es 9 + 40 = 49.
Using the Formula	Usar la fórmula
<div class='ex-legend'><span class='ex-purple'>PURPLE</span> = a, b, c, <span class='ex-blue'>BLUE</span> = the discriminant, <span class='ex-red'>RED</span> = the answer</div>	<div class='ex-legend'><span class='ex-purple'>MORADO</span> = a, b, c, <span class='ex-blue'>AZUL</span> = el discriminante, <span class='ex-red'>ROJO</span> = la respuesta</div>
When the Discriminant Isn't a Perfect Square	Cuando el discriminante no es un cuadrado perfecto
x = 4  or  x = −3	x = 4  o  x = −3
Discriminant: b² − 4ac = {{}}, so √ of it = {{}}	Discriminante: b² − 4ac = {{}}, así que su √ = {{}}
x = 4 or x = -3	x = 4 o x = -3
x = 3  or  x = −0.5	x = 3  o  x = −0.5
x = 3 or x = -0.5	x = 3 o x = -0.5
x = 4  or  x = −5	x = 4  o  x = −5
x = 4 or x = -5	x = 4 o x = -5
x² + 4x + 2 = 0  (leave a √ in it)	x² + 4x + 2 = 0  (deja un √ en la respuesta)
Discriminant: b² − 4ac = {{}}	Discriminante: b² − 4ac = {{}}
Step 3 (simplify the radical)	Paso 3 (simplifica el radical)
x = 2  or  x = −5	x = 2  o  x = −5
x = 3  or  x = 0.5	x = 3  o  x = 0.5
x = 3  or  x = 2	x = 3  o  x = 2
x = 1/3  or  x = −1	x = 1/3  o  x = −1
x = −2  or  x = −5	x = −2  o  x = −5
x = 1  or  x = −2.5	x = 1  o  x = −2.5
x² + 4x + 1 = 0  (leave a √ in it)	x² + 4x + 1 = 0  (deja un √ en la respuesta)
2x² − 4x − 1 = 0  (leave a √ in it)	2x² − 4x − 1 = 0  (deja un √ en la respuesta)
Multi-Step Word Problems	Problemas verbales de varios pasos
This is where algebra becomes useful — turning a real situation into an equation is the actual point.	Aquí es donde el álgebra se vuelve útil: convertir una situación real en una ecuación es el verdadero objetivo.
Consecutive Integers	Enteros consecutivos
Whole numbers that follow one after another.	Números enteros que van uno detrás de otro.
5, 6, 7 are consecutive integers.	5, 6, 7 son enteros consecutivos.
Simple Interest	Interés simple
Interest calculated only on the original amount, using I = Prt (Principal × rate × time).	Interés calculado solo sobre la cantidad original, usando I = Prt (capital × tasa × tiempo).
$500 at 4% for 3 years earns $60.	$500 al 4% durante 3 años ganan $60.
Percent Off	Porcentaje de descuento
<div class='ex-legend'><span class='ex-purple'>PURPLE</span> = the percent you actually pay, <span class='ex-blue'>BLUE</span> = the original price, <span class='ex-red'>RED</span> = the answer</div>	<div class='ex-legend'><span class='ex-purple'>MORADO</span> = el porcentaje que realmente pagas, <span class='ex-blue'>AZUL</span> = el precio original, <span class='ex-red'>ROJO</span> = la respuesta</div>
A $60 jacket is 30% off. Sale price?	Una chaqueta de $60 tiene 30% de descuento. ¿Cuál es el precio de oferta?
30% off means you pay {{}}% of the original price	30% de descuento significa que pagas el {{}}% del precio original
Sale price = 60 × 0.70 = {{}}	Precio de oferta = 60 × 0.70 = {{}}
Wage goes from $10 to $13. Percent increase?	El sueldo sube de $10 a $13. ¿Cuál es el porcentaje de aumento?
Write that as a percent: {{}}	Escríbelo como porcentaje: {{}}
$800 at 5% simple interest for 2 years. Interest earned?	$800 al 5% de interés simple durante 2 años. ¿Cuánto interés se gana?
Two consecutive integers sum to 35. Find them.	Dos enteros consecutivos suman 35. Encuéntralos.
Translate "sum is 35": x + (x+1) = {{}}	Traduce "la suma es 35": x + (x+1) = {{}}
The next integer is 17 + 1 = {{}}	El siguiente entero es 17 + 1 = {{}}
A $40 shirt is 25% off. Sale price?	Una camisa de $40 tiene 25% de descuento. ¿Cuál es el precio de oferta?
Wage goes from $12 to $15. Percent increase?	El sueldo sube de $12 a $15. ¿Cuál es el porcentaje de aumento?
A car goes 180 mi in 3 hrs. At that rate, how far in 5 hrs?	Un carro recorre 180 mi en 3 h. A ese ritmo, ¿qué distancia recorre en 5 h?
300 miles	300 millas
Three consecutive integers sum to 72. Find them.	Tres enteros consecutivos suman 72. Encuéntralos.
Two consecutive EVEN integers sum to 54. Find them.	Dos enteros PARES consecutivos suman 54. Encuéntralos.
$500 at 4% simple interest for 3 years. Interest earned?	$500 al 4% de interés simple durante 3 años. ¿Cuánto interés se gana?
Graphing Linear Equations	Gráfica de ecuaciones lineales
Turns an equation into a picture, so you can see at a glance how steep it is and where it starts — the fastest way to compare two situations.	Convierte una ecuación en una imagen, para que veas de un vistazo qué tan empinada es y dónde empieza; es la forma más rápida de comparar dos situaciones.
Slope	Pendiente
How steep a line is — the ratio of vertical change (rise) to horizontal change (run).	Qué tan empinada es una recta: la razón entre el cambio vertical (subida) y el cambio horizontal (avance).
A slope of 3/4 means rise 3, run 4.	Una pendiente de 3/4 significa subir 3 y avanzar 4.
y-intercept	Intercepto con y
The point where a line crosses the y-axis, where x = 0.	El punto donde una recta cruza el eje y, donde x = 0.
In y = 2x + 5, the y-intercept is 5.	En y = 2x + 5, el intercepto con y es 5.
Reading Slope & y-intercept	Leer la pendiente y el intercepto con y
<div class='ex-legend'><span class='ex-purple'>PURPLE</span> = the slope (m), <span class='ex-blue'>BLUE</span> = the y-intercept (b), <span class='ex-red'>RED</span> = the answer</div>	<div class='ex-legend'><span class='ex-purple'>MORADO</span> = la pendiente (m), <span class='ex-blue'>AZUL</span> = el intercepto con y (b), <span class='ex-red'>ROJO</span> = la respuesta</div>
Plotting From Slope & Intercept	Graficar a partir de la pendiente y el intercepto
Finding Slope From Two Points	Hallar la pendiente a partir de dos puntos
Find the slope and y-intercept of y = 5x + 2. ###GRAPH:line;5,2;y = 5x + 2###	Halla la pendiente y el intercepto con y de y = 5x + 2. ###GRAPH:line;5,2;y = 5x + 2###
Slope (the number multiplying x): m = {{}}	Pendiente (el número que multiplica a x): m = {{}}
y-intercept (the number standing alone): b = {{}}	Intercepto con y (el número que está solo): b = {{}}
Find the slope and y-intercept of y = −4x − 7. ###GRAPH:line;-4,-7;y = −4x − 7###	Halla la pendiente y el intercepto con y de y = −4x − 7. ###GRAPH:line;-4,-7;y = −4x − 7###
Slope: m = {{}}	Pendiente: m = {{}}
y-intercept: b = {{}}	Intercepto con y: b = {{}}
A line has y-intercept 3 and slope 2. Starting at (0,3), what point do you land on after one slope-step? ###GRAPH:points;0,3,1,5;(0,3) to (1,5)###	Una recta tiene intercepto con y igual a 3 y pendiente 2. Si empiezas en (0,3), ¿en qué punto caes después de un paso de pendiente? ###GRAPH:points;0,3,1,5;(0,3) a (1,5)###
Starting point from the y-intercept: (0, {{}})	Punto de partida desde el intercepto con y: (0, {{}})
Slope 2 = rise {{}}, run {{}}	Pendiente 2 = subir {{}}, avanzar {{}}
Find the slope between the points (2, 3) and (6, 11). ###GRAPH:points;2,3,6,11;(2,3) and (6,11)###	Halla la pendiente entre los puntos (2, 3) y (6, 11). ###GRAPH:points;2,3,6,11;(2,3) y (6,11)###
Change in y: 11 − 3 = {{}}. Change in x: 6 − 2 = {{}}	Cambio en y: 11 − 3 = {{}}. Cambio en x: 6 − 2 = {{}}
Find the slope and y-intercept of y = 4x − 1. ###GRAPH:line;4,-1;y = 4x − 1###	Halla la pendiente y el intercepto con y de y = 4x − 1. ###GRAPH:line;4,-1;y = 4x − 1###
Find the slope and y-intercept of y = −2x + 6. ###GRAPH:line;-2,6;y = −2x + 6###	Halla la pendiente y el intercepto con y de y = −2x + 6. ###GRAPH:line;-2,6;y = −2x + 6###
Find the slope and y-intercept of y = x − 3. ###GRAPH:line;1,-3;y = x − 3###	Halla la pendiente y el intercepto con y de y = x − 3. ###GRAPH:line;1,-3;y = x − 3###
A line has slope 3 and y-intercept −2. What is y when x = 2? ###GRAPH:line;3,-2;y = 3x − 2###	Una recta tiene pendiente 3 e intercepto con y igual a −2. ¿Cuánto vale y cuando x = 2? ###GRAPH:line;3,-2;y = 3x − 2###
A line has slope −1 and y-intercept 5. What is y when x = 3? ###GRAPH:line;-1,5;y = −x + 5###	Una recta tiene pendiente −1 e intercepto con y igual a 5. ¿Cuánto vale y cuando x = 3? ###GRAPH:line;-1,5;y = −x + 5###
Find the slope between the points (1, 2) and (3, 8). ###GRAPH:points;1,2,3,8;(1,2) and (3,8)###	Halla la pendiente entre los puntos (1, 2) y (3, 8). ###GRAPH:points;1,2,3,8;(1,2) y (3,8)###
Writing Linear Equations	Escribir ecuaciones lineales
Lets you build the exact equation of a line from just two clues — a point and a slope, or two points — which is how real data (like a trend) gets turned into a usable formula.	Te permite construir la ecuación exacta de una recta con solo dos datos (un punto y una pendiente, o dos puntos), y así es como los datos reales (como una tendencia) se convierten en una fórmula útil.
Parallel Lines	Rectas paralelas
Lines that never cross — they have the exact same slope.	Rectas que nunca se cruzan: tienen exactamente la misma pendiente.
y = 2x + 1 and y = 2x − 5 are parallel.	y = 2x + 1 y y = 2x − 5 son paralelas.
Perpendicular Lines	Rectas perpendiculares
Lines that cross at a right angle — their slopes are negative reciprocals of each other.	Rectas que se cruzan en ángulo recto: sus pendientes son recíprocos negativos una de la otra.
Slopes 2 and −1/2 are perpendicular.	Las pendientes 2 y −1/2 son perpendiculares.
Writing From a Point & Slope	Escribir a partir de un punto y la pendiente
Parallel & Perpendicular Slopes	Pendientes paralelas y perpendiculares
Write the equation of a line through (1, 5) with slope 2.	Escribe la ecuación de la recta que pasa por (1, 5) con pendiente 2.
What is the slope of a line parallel to y = −3x + 2?	¿Cuál es la pendiente de una recta paralela a y = −3x + 2?
Parallel lines have the {{}} slope.	Las rectas paralelas tienen la {{}} pendiente.
same	misma
reciprocal	recíproca
What is the slope of a line perpendicular to y = 2x − 5?	¿Cuál es la pendiente de una recta perpendicular a y = 2x − 5?
Flip the slope 2 to get {{}}	Voltea la pendiente 2 para obtener {{}}
Now make it negative: {{}}	Ahora hazla negativa: {{}}
Write the equation of a line through (0, 4) with slope −2.	Escribe la ecuación de la recta que pasa por (0, 4) con pendiente −2.
Write the equation of a line through (2, 9) with slope 3.	Escribe la ecuación de la recta que pasa por (2, 9) con pendiente 3.
Write the equation of a line through (−1, 0) with slope 4.	Escribe la ecuación de la recta que pasa por (−1, 0) con pendiente 4.
What is the slope of a line parallel to y = 5x − 1?	¿Cuál es la pendiente de una recta paralela a y = 5x − 1?
What is the slope of a line perpendicular to y = −4x + 3?	¿Cuál es la pendiente de una recta perpendicular a y = −4x + 3?
Find the slope of the line through (2, 3) and (6, 11), then write its equation using (2,3).	Halla la pendiente de la recta que pasa por (2, 3) y (6, 11), y luego escribe su ecuación usando (2,3).
Functions & Function Notation	Funciones y notación de funciones
Function notation, f(x), is the language the rest of math (and science) uses to describe one quantity depending on another — you'll see it everywhere after Algebra 1.	La notación de funciones, f(x), es el lenguaje que usan el resto de las matemáticas (y la ciencia) para describir una cantidad que depende de otra; la vas a ver en todas partes después del Álgebra 1.
Function	Función
A rule that takes exactly one output for every input.	Una regla que da exactamente una salida para cada entrada.
f(x) = 2x + 1 doubles the input and adds 1.	f(x) = 2x + 1 duplica la entrada y le suma 1.
Domain	Dominio
The complete set of allowed input (x) values.	El conjunto completo de valores de entrada (x) permitidos.
For f(x) = 1/x, the domain is all real numbers except x = 0.	Para f(x) = 1/x, el dominio es todos los números reales excepto x = 0.
Range	Rango
The complete set of possible output (y) values.	El conjunto completo de valores de salida (y) posibles.
For f(x) = x², the range is y ≥ 0.	Para f(x) = x², el rango es y ≥ 0.
Evaluating f(x)	Evaluar f(x)
<div class='ex-legend'><span class='ex-purple'>PURPLE</span> = what you substitute, <span class='ex-blue'>BLUE</span> = the simplified math, <span class='ex-red'>RED</span> = the answer</div>	<div class='ex-legend'><span class='ex-purple'>MORADO</span> = lo que sustituyes, <span class='ex-blue'>AZUL</span> = la matemática simplificada, <span class='ex-red'>ROJO</span> = la respuesta</div>
Evaluating With a Negative Input	Evaluar con una entrada negativa
If f(x) = 3x − 2, find f(4).	Si f(x) = 3x − 2, halla f(4).
If f(x) = x² + 1, find f(−2).	Si f(x) = x² + 1, halla f(−2).
What is the domain of f(x) = 1/(x − 5)?	¿Cuál es el dominio de f(x) = 1/(x − 5)?
all real numbers except x = 5	todos los números reales excepto x = 5
allrealnumbersexceptx=5	todoslosnumerosrealesexceptox=5
The denominator x − 5 = 0 when x = {{}}	El denominador x − 5 = 0 cuando x = {{}}
all real numbers except x = {{}}	todos los números reales excepto x = {{}}
If f(x) = x² (for x ≥ 0), what is the range?	Si f(x) = x² (para x ≥ 0), ¿cuál es el rango?
Squaring a number that's ≥ 0 can never come out {{}}.	Al elevar al cuadrado un número que es ≥ 0 nunca puede resultar {{}}.
The smallest possible output is {{}}, at x = 0.	La salida más pequeña posible es {{}}, cuando x = 0.
If f(x) = 5x + 1, find f(3).	Si f(x) = 5x + 1, halla f(3).
If f(x) = 2x − 7, find f(0).	Si f(x) = 2x − 7, halla f(0).
If f(x) = x² − 3x, find f(4).	Si f(x) = x² − 3x, halla f(4).
If f(x) = −x + 6, find f(−5).	Si f(x) = −x + 6, halla f(−5).
What is the domain of f(x) = 1/(x + 2)?	¿Cuál es el dominio de f(x) = 1/(x + 2)?
all real numbers except x = −2	todos los números reales excepto x = −2
allrealnumbersexceptx=-2	todoslosnumerosrealesexceptox=-2
Adding & Subtracting Polynomials	Suma y resta de polinomios
The warm-up skill for every polynomial topic after it — you can't multiply, factor, or solve with polynomials confidently until combining like terms is automatic.	Es la habilidad de calentamiento para todos los temas de polinomios que vienen después: no puedes multiplicar, factorizar ni resolver con polinomios con seguridad hasta que combinar términos semejantes sea automático.
Like Terms	Términos semejantes
Terms with the exact same variable raised to the exact same power.	Términos con exactamente la misma variable elevada exactamente a la misma potencia.
3x² and 7x² are like terms; 3x² and 7x are not.	3x² y 7x² son términos semejantes; 3x² y 7x no lo son.
Polynomial	Polinomio
An expression made of terms added or subtracted, with whole-number exponents.	Una expresión formada por términos que se suman o se restan, con exponentes enteros.
4x² − 2x + 5 is a polynomial with 3 terms.	4x² − 2x + 5 es un polinomio con 3 términos.
Adding Polynomials	Sumar polinomios
<div class='ex-legend'><span class='ex-purple'>PURPLE</span> = one pair of like terms, <span class='ex-blue'>BLUE</span> = the other pair, <span class='ex-red'>RED</span> = the answer</div>	<div class='ex-legend'><span class='ex-purple'>MORADO</span> = un par de términos semejantes, <span class='ex-blue'>AZUL</span> = el otro par, <span class='ex-red'>ROJO</span> = la respuesta</div>
Subtracting Polynomials	Restar polinomios
<div class='ex-notice'>Notice: subtracting a polynomial flips EVERY sign inside its parentheses, not just the first term.</div>	<div class='ex-notice'>Fíjate: restar un polinomio cambia TODOS los signos dentro de su paréntesis, no solo el del primer término.</div>
x² terms: 2x² + 4x² = {{}}	Términos x²: 2x² + 4x² = {{}}
x terms: 3x − x = {{}}	Términos x: 3x − x = {{}}
Distribute the negative: 5x² − 2x {{}}3x² {{}}4x	Distribuye el negativo: 5x² − 2x {{}}3x² {{}}4x
x² terms: 5x² − 3x² = {{}}	Términos x²: 5x² − 3x² = {{}}
The x² terms (x² − x²) equal {{}}	Los términos x² (x² − x²) son iguales a {{}}
x terms: 6x − 2x = {{}}	Términos x: 6x − 2x = {{}}
Multiplying Binomials (FOIL)	Multiplicar binomios (FOIL)
This is the reverse of factoring — the same skill shows up constantly to check a factoring answer or expand an expression before solving.	Es lo contrario de factorizar: esta misma habilidad aparece constantemente para comprobar una respuesta factorizada o para expandir una expresión antes de resolver.
Use FOIL: multiply the First terms, the Outer terms, the Inner terms, and the Last terms. Then combine any like terms you get.	Usa FOIL: multiplica los términos Primeros (First), los Externos (Outer), los Internos (Inner) y los Últimos (Last). Luego combina los términos semejantes que te salgan.
FOIL	FOIL
A memory trick for multiplying two binomials: First, Outer, Inner, Last.	Un truco de memoria para multiplicar dos binomios: Primeros, Externos, Internos, Últimos (First, Outer, Inner, Last en inglés).
For (x+2)(x+3): First x·x, Outer x·3, Inner 2·x, Last 2·3.	Para (x+2)(x+3): Primeros x·x, Externos x·3, Internos 2·x, Últimos 2·3.
x + 5 and 2x − 3 are both binomials.	x + 5 y 2x − 3 son ambos binomios.
FOIL With All Positives	FOIL con todos positivos
<div class='ex-legend'><span class='ex-purple'>PURPLE</span> = Outer + Inner (the middle term), <span class='ex-blue'>BLUE</span> = First and Last, <span class='ex-red'>RED</span> = the answer</div>	<div class='ex-legend'><span class='ex-purple'>MORADO</span> = Externos + Internos (el término del medio), <span class='ex-blue'>AZUL</span> = Primeros y Últimos, <span class='ex-red'>ROJO</span> = la respuesta</div>
<div class='ex-notice'>Notice: Outer + Inner always combine into the single middle term.</div>	<div class='ex-notice'>Fíjate: Externos + Internos siempre se combinan en un solo término del medio.</div>
FOIL With a Negative	FOIL con un negativo
Step 1 (First)	Paso 1 (Primeros)
Step 2 (Outer + Inner)	Paso 2 (Externos + Internos)
Step 3 (Last)	Paso 3 (Últimos)
Step 1 (Outer + Inner)	Paso 1 (Externos + Internos)
Step 2 (Last)	Paso 2 (Últimos)
Factoring Trinomials (a = 1)	Factorizar trinomios (a = 1)
The most common factoring pattern you'll see — it's the reverse of FOIL, and it's the setup for solving quadratics by factoring.	El patrón de factorización más común que verás — es lo inverso de FOIL y es la base para resolver cuadráticas por factorización.
For x² + bx + c, find two numbers that MULTIPLY to c and ADD to b. Write the factored form as (x + first number)(x + second number), keeping each number's own sign.	Para x² + bx + c, busca dos números que MULTIPLIQUEN a c y SUMEN b. Escribe la forma factorizada como (x + primer número)(x + segundo número), conservando el signo de cada número.
x² + 5x + 6 is a trinomial.	x² + 5x + 6 es un trinomio.
Both Factors Positive	Ambos factores positivos
<div class='ex-notice'>Notice: both numbers are positive because both c and b are positive.</div>	<div class='ex-notice'>Fíjate: ambos números son positivos porque tanto c como b son positivos.</div>
A Negative Factor	Un factor negativo
Factor: x² + 5x + 6	Factoriza: x² + 5x + 6
Step 1 (order doesn't matter)	Paso 1 (el orden no importa)
Two numbers that multiply to 6 and add to 5: {{}} and {{}}	Dos números que multipliquen a 6 y sumen 5: {{}} y {{}}
Factor: x² − x − 6	Factoriza: x² − x − 6
Two numbers that multiply to −6 and add to −1: {{}} and {{}}	Dos números que multipliquen a −6 y sumen −1: {{}} y {{}}
Factor: x² − 7x + 12	Factoriza: x² − 7x + 12
Two numbers that multiply to 12 and add to −7: {{}} and {{}}	Dos números que multipliquen a 12 y sumen −7: {{}} y {{}}
Factor: x² + 8x + 15	Factoriza: x² + 8x + 15
Factor: x² + 3x − 10	Factoriza: x² + 3x − 10
Factor: x² − 6x + 8	Factoriza: x² − 6x + 8
Factor: x² − 2x − 24	Factoriza: x² − 2x − 24
Factor: x² + 9x + 20	Factoriza: x² + 9x + 20
Factor: x² − 5x − 14	Factoriza: x² − 5x − 14
Factoring by Grouping	Factorizar por agrupación
The go-to method once a trinomial has a leading coefficient that isn't 1, or when you're handed a four-term polynomial directly.	El método de cabecera cuando un trinomio tiene un coeficiente principal distinto de 1, o cuando te dan directamente un polinomio de cuatro términos.
Grouping	Agrupación
Splitting a four-term expression into two pairs, each with its own common factor, to reveal a shared factor.	Dividir una expresión de cuatro términos en dos pares, cada uno con su propio factor común, para revelar un factor compartido.
x³+3x²+2x+6 groups into x²(x+3)+2(x+3).	x³+3x²+2x+6 se agrupa en x²(x+3)+2(x+3).
Grouping a Four-Term Polynomial	Agrupar un polinomio de cuatro términos
<div class='ex-legend'><span class='ex-purple'>PURPLE</span> = the GCF pulled from each pair, <span class='ex-blue'>BLUE</span> = the shared leftover factor, <span class='ex-red'>RED</span> = the answer</div>	<div class='ex-legend'><span class='ex-purple'>MORADO</span> = el MCD que sacas de cada par, <span class='ex-blue'>AZUL</span> = el factor sobrante compartido, <span class='ex-red'>ROJO</span> = la respuesta</div>
Grouping With a Leading Coefficient	Agrupación con coeficiente principal
Factor by grouping: x³ + 2x² + 5x + 10	Factoriza por agrupación: x³ + 2x² + 5x + 10
GCF of the first pair: {{}}	MCD del primer par: {{}}
GCF of the second pair: {{}}	MCD del segundo par: {{}}
x²(x + 2) + 5(x + 2) — what binomial factor do both pieces share? {{}}	x²(x + 2) + 5(x + 2) — ¿qué factor binomial comparten ambas partes? {{}}
Factor by grouping: 3x² + 10x + 8  (split 10x into 6x and 4x)	Factoriza por agrupación: 3x² + 10x + 8  (divide 10x en 6x y 4x)
GCF of the first pair 3x² + 6x: {{}}	MCD del primer par 3x² + 6x: {{}}
GCF of the second pair 4x + 8: {{}}	MCD del segundo par 4x + 8: {{}}
3x(x + 2) + 4(x + 2) — what binomial factor do both pieces share? {{}}	3x(x + 2) + 4(x + 2) — ¿qué factor binomial comparten ambas partes? {{}}
Factor by grouping: 2x² + 9x + 9  (split 9x into 6x and 3x)	Factoriza por agrupación: 2x² + 9x + 9  (divide 9x en 6x y 3x)
GCF of the first pair 2x² + 6x: {{}}	MCD del primer par 2x² + 6x: {{}}
GCF of the second pair 3x + 9: {{}}	MCD del segundo par 3x + 9: {{}}
2x(x + 3) + 3(x + 3) — what binomial factor do both pieces share? {{}}	2x(x + 3) + 3(x + 3) — ¿qué factor binomial comparten ambas partes? {{}}
Factor by grouping: x³ + 4x² + 3x + 12	Factoriza por agrupación: x³ + 4x² + 3x + 12
Factor by grouping: 2x² + 7x + 5  (split 7x into 5x and 2x)	Factoriza por agrupación: 2x² + 7x + 5  (divide 7x en 5x y 2x)
Factor by grouping: 3x² + 11x + 6  (split 11x into 9x and 2x)	Factoriza por agrupación: 3x² + 11x + 6  (divide 11x en 9x y 2x)
Factor by grouping: 4x² + 8x + 3  (split 8x into 6x and 2x)	Factoriza por agrupación: 4x² + 8x + 3  (divide 8x en 6x y 2x)
Factor by grouping: x³ + 5x² + 2x + 10	Factoriza por agrupación: x³ + 5x² + 2x + 10
Factor by grouping: 2x² + 11x + 12  (split 11x into 8x and 3x)	Factoriza por agrupación: 2x² + 11x + 12  (divide 11x en 8x y 3x)
Special Factoring Patterns	Patrones especiales de factorización
These two shapes show up constantly and factor in ONE quick move each — spotting them saves you from doing the long trinomial or grouping method.	Estas dos formas aparecen constantemente y se factorizan en UN solo paso cada una — reconocerlas te ahorra el método largo del trinomio o de la agrupación.
A trinomial that is the result of squaring a binomial.	Un trinomio que resulta de elevar un binomio al cuadrado.
Sum/Difference of Cubes	Suma/diferencia de cubos
A two-term expression where both terms are perfect cubes.	Una expresión de dos términos donde ambos términos son cubos perfectos.
x³ + 8 is a sum of cubes (x³ and 2³).	x³ + 8 es una suma de cubos (x³ y 2³).
Difference of Cubes	Diferencia de cubos
Factor: x² + 8x + 16	Factoriza: x² + 8x + 16
Check the middle term: 2 × x × 4 = {{}}	Comprueba el término del medio: 2 × x × 4 = {{}}
Factor: x² − 12x + 36	Factoriza: x² − 12x + 36
Factor: x³ + 8	Factoriza: x³ + 8
∛8 = {{}}, so a = x and b = 2	∛8 = {{}}, así que a = x y b = 2
Step 2 (build a² − ab + b²)	Paso 2 (construye a² − ab + b²)
Factor: x³ − 64  (this time it's a DIFFERENCE)	Factoriza: x³ − 64  (esta vez es una DIFERENCIA)
∛64 = {{}}, so a = x and b = 4	∛64 = {{}}, así que a = x y b = 4
Step 2 (the middle sign flips)	Paso 2 (el signo del medio se voltea)
a³−b³ = (a−b)(a²+ab+b²), so the trinomial's middle sign is {{}}	a³−b³ = (a−b)(a²+ab+b²), así que el signo del medio del trinomio es {{}}
plus	más
minus	menos
Step 3 (build a² + ab + b²)	Paso 3 (construye a² + ab + b²)
Factor: x² + 6x + 9	Factoriza: x² + 6x + 9
Factor: x² − 14x + 49	Factoriza: x² − 14x + 49
Factor: x² + 4x + 4	Factoriza: x² + 4x + 4
Factor: x³ − 8	Factoriza: x³ − 8
Factor: x³ + 1	Factoriza: x³ + 1
Factor: x² − 20x + 100	Factoriza: x² − 20x + 100
Solving Quadratics by Factoring	Resolver cuadráticas por factorización
The fastest way to solve a quadratic when it factors nicely — no formula needed, just the Zero Product Property.	La forma más rápida de resolver una cuadrática cuando se factoriza bien — sin fórmula, solo la Propiedad del Producto Cero.
Zero Product Property	Propiedad del Producto Cero
If two factors multiply to 0, at least one of them must itself be 0.	Si dos factores se multiplican y dan 0, al menos uno de ellos tiene que ser 0.
If (x−2)(x+3)=0, then x−2=0 or x+3=0.	Si (x−2)(x+3)=0, entonces x−2=0 o x+3=0.
Factoring Then Solving	Factorizar y luego resolver
Already Factorable With a GCF	Ya factorizable con un MCD
Solve: x² + 7x + 10 = 0	Resuelve: x² + 7x + 10 = 0
x=-2 or x=-5	x=-2 o x=-5
Factor: (x + 2)({{}})	Factoriza: (x + 2)({{}})
x = -2 or x = -5	x = -2 o x = -5
Solve: x² − 9 = 0	Resuelve: x² − 9 = 0
x = 3  or  x = −3	x = 3  o  x = −3
x=3 or x=-3	x=3 o x=-3
Factor: (x − 3)({{}})	Factoriza: (x − 3)({{}})
x = 3 or x = -3	x = 3 o x = -3
Solve: x² − 4x = 0	Resuelve: x² − 4x = 0
x = 0  or  x = 4	x = 0  o  x = 4
x=0 or x=4	x=0 o x=4
Pull out the GCF: {{}}(x − 4)	Saca el MCD: {{}}(x − 4)
x = 0 or x = 4	x = 0 o x = 4
Solve: x² + 5x + 6 = 0	Resuelve: x² + 5x + 6 = 0
x = −2  or  x = −3	x = −2  o  x = −3
x=-2 or x=-3	x=-2 o x=-3
Solve: x² − x − 12 = 0	Resuelve: x² − x − 12 = 0
x=4 or x=-3	x=4 o x=-3
Solve: x² − 16 = 0	Resuelve: x² − 16 = 0
x = 4  or  x = −4	x = 4  o  x = −4
x=4 or x=-4	x=4 o x=-4
Solve: x² + 6x = 0	Resuelve: x² + 6x = 0
x = 0  or  x = −6	x = 0  o  x = −6
x=0 or x=-6	x=0 o x=-6
Solve: x² − 8x + 15 = 0	Resuelve: x² − 8x + 15 = 0
x = 3  or  x = 5	x = 3  o  x = 5
x=3 or x=5	x=3 o x=5
Solve: x² + 2x − 15 = 0	Resuelve: x² + 2x − 15 = 0
x=3 or x=-5	x=3 o x=-5
Graphing Quadratics	Graficar cuadráticas
Lets you see the parabola's shape instantly — where it turns around, which way it opens, and its mirror line — without plotting a dozen points.	Te deja ver la forma de la parábola al instante — dónde da la vuelta, hacia dónde abre y su línea espejo — sin tener que marcar una docena de puntos.
Vertex	Vértice
The highest or lowest point of a parabola, where it turns around.	El punto más alto o más bajo de una parábola, donde da la vuelta.
y = (x−3)² + 2 has vertex (3, 2).	y = (x−3)² + 2 tiene vértice (3, 2).
Axis of Symmetry	Eje de simetría
The vertical line through the vertex that splits the parabola into two mirror-image halves.	La línea vertical que pasa por el vértice y divide la parábola en dos mitades que son imagen espejo una de la otra.
For vertex (3, 2), the axis of symmetry is x = 3.	Para el vértice (3, 2), el eje de simetría es x = 3.
Reading Vertex Form	Leer la forma vértice
<div class='ex-legend'><span class='ex-purple'>PURPLE</span> = h (watch the sign flip!), <span class='ex-blue'>BLUE</span> = k, <span class='ex-red'>RED</span> = the answer</div>	<div class='ex-legend'><span class='ex-purple'>MORADO</span> = h (¡mira cómo cambia el signo!), <span class='ex-blue'>AZUL</span> = k, <span class='ex-red'>ROJO</span> = la respuesta</div>
A Negative h	Una h negativa
<div class='ex-notice'>Notice: (x + 2) is the same as (x − (−2)), which is why h becomes negative here.</div>	<div class='ex-notice'>Fíjate: (x + 2) es lo mismo que (x − (−2)), y por eso h se vuelve negativa aquí.</div>
Find the vertex of y = (x − 5)² + 3. ###GRAPH:parabola;1,5,3;y = (x − 5)² + 3###	Halla el vértice de y = (x − 5)² + 3. ###GRAPH:parabola;1,5,3;y = (x − 5)² + 3###
Find the vertex of y = (x + 1)² − 4. ###GRAPH:parabola;1,-1,-4;y = (x + 1)² − 4###	Halla el vértice de y = (x + 1)² − 4. ###GRAPH:parabola;1,-1,-4;y = (x + 1)² − 4###
Does y = −2(x − 1)² + 6 open up or down? ###GRAPH:parabola;-2,1,6;y = −2(x − 1)² + 6###	¿La parábola y = −2(x − 1)² + 6 abre hacia arriba o hacia abajo? ###GRAPH:parabola;-2,1,6;y = −2(x − 1)² + 6###
down	abajo
a = {{}}, which is negative	a = {{}}, que es negativa
What is the axis of symmetry of y = (x + 2)² − 3? ###GRAPH:parabola;1,-2,-3;y = (x + 2)² − 3###	¿Cuál es el eje de simetría de y = (x + 2)² − 3? ###GRAPH:parabola;1,-2,-3;y = (x + 2)² − 3###
The axis of symmetry is the vertical line x = {{}}	El eje de simetría es la línea vertical x = {{}}
Rewrite (x + 2) as (x − (−2)): h = {{}}	Reescribe (x + 2) como (x − (−2)): h = {{}}
Find the vertex of y = (x − 2)² + 7. ###GRAPH:parabola;1,2,7;y = (x − 2)² + 7###	Halla el vértice de y = (x − 2)² + 7. ###GRAPH:parabola;1,2,7;y = (x − 2)² + 7###
Find the vertex of y = (x + 3)² − 2. ###GRAPH:parabola;1,-3,-2;y = (x + 3)² − 2###	Halla el vértice de y = (x + 3)² − 2. ###GRAPH:parabola;1,-3,-2;y = (x + 3)² − 2###
What is the axis of symmetry of y = (x − 6)² + 1? ###GRAPH:parabola;1,6,1;y = (x − 6)² + 1###	¿Cuál es el eje de simetría de y = (x − 6)² + 1? ###GRAPH:parabola;1,6,1;y = (x − 6)² + 1###
Does y = 3(x + 4)² − 1 open up or down? ###GRAPH:parabola;3,-4,-1;y = 3(x + 4)² − 1###	¿La parábola y = 3(x + 4)² − 1 abre hacia arriba o hacia abajo? ###GRAPH:parabola;3,-4,-1;y = 3(x + 4)² − 1###
Does y = −(x)² + 5 open up or down? ###GRAPH:parabola;-1,0,5;y = −x² + 5###	¿La parábola y = −(x)² + 5 abre hacia arriba o hacia abajo? ###GRAPH:parabola;-1,0,5;y = −x² + 5###
Find the vertex of y = x² − 8  (think of this as y = (x − 0)² − 8). ###GRAPH:parabola;1,0,-8;y = x² − 8###	Halla el vértice de y = x² − 8  (piensa en esto como y = (x − 0)² − 8). ###GRAPH:parabola;1,0,-8;y = x² − 8###
Rational Expression Operations	Operaciones con expresiones racionales
The same multiply/divide/add/subtract rules you use with number fractions — but you have to factor first to find what actually cancels.	Las mismas reglas de multiplicar, dividir, sumar y restar que usas con fracciones numéricas — pero tienes que factorizar primero para ver qué se cancela de verdad.
Reciprocal	Recíproco
A fraction flipped upside down.	Una fracción puesta al revés.
The reciprocal of (x+1)/x is x/(x+1).	El recíproco de (x+1)/x es x/(x+1).
Common Denominator	Denominador común
A denominator shared by two fractions, needed before adding or subtracting them.	Un denominador compartido por dos fracciones, necesario antes de sumarlas o restarlas.
To add 1/x and 1/3, the common denominator is 3x.	Para sumar 1/x y 1/3, el denominador común es 3x.
Multiplying Rational Expressions	Multiplicar expresiones racionales
Dividing Rational Expressions	Dividir expresiones racionales
x/2, where x ≠ −5	x/2, donde x ≠ −5
Which factor cancels top and bottom? {{}}	¿Qué factor se cancela arriba y abajo? {{}}
After canceling, what's left on top and on bottom? {{}} / {{}}	Después de cancelar, ¿qué queda arriba y abajo? {{}} / {{}}
Restriction: x + 5 = 0 when x = {{}}	Restricción: x + 5 = 0 cuando x = {{}}
x/2, where x != -5	x/2, donde x != -5
1/3, where x ≠ 0	1/3, donde x ≠ 0
Flip the second fraction and multiply: 3/x × {{}}/9	Voltea la segunda fracción y multiplica: 3/x × {{}}/9
Cancel the shared x from top and bottom: {{}}	Cancela la x compartida de arriba y abajo: {{}}
1/3, where x != 0	1/3, donde x != 0
<span class='frac'><span class='frac-num'>1</span><span class='frac-den'>x</span></span> + <span class='frac'><span class='frac-num'>1</span><span class='frac-den'>2</span></span> = ?  (common denominator is 2x)	<span class='frac'><span class='frac-num'>1</span><span class='frac-den'>x</span></span> + <span class='frac'><span class='frac-num'>1</span><span class='frac-den'>2</span></span> = ?  (el denominador común es 2x)
(2 + x)/2x, where x ≠ 0	(2 + x)/2x, donde x ≠ 0
Common denominator: {{}}	Denominador común: {{}}
(2 + x)/2x, where x != 0	(2 + x)/2x, donde x != 0
<span class='frac'><span class='frac-num'>3</span><span class='frac-den'>x</span></span> − <span class='frac'><span class='frac-num'>1</span><span class='frac-den'>x</span></span> = ?  (same denominator already)	<span class='frac'><span class='frac-num'>3</span><span class='frac-den'>x</span></span> − <span class='frac'><span class='frac-num'>1</span><span class='frac-den'>x</span></span> = ?  (ya tienen el mismo denominador)
2/x, where x ≠ 0	2/x, donde x ≠ 0
Same denominator already, so subtract just the numerators: 3 − 1 = {{}}	Ya tienen el mismo denominador, así que resta solo los numeradores: 3 − 1 = {{}}
2/x, where x != 0	2/x, donde x != 0
x/5, where x ≠ −3	x/5, donde x ≠ −3
1/2, where x ≠ 0	1/2, donde x ≠ 0
3, where x ≠ −2	3, donde x ≠ −2
<span class='frac'><span class='frac-num'>1</span><span class='frac-den'>x</span></span> + <span class='frac'><span class='frac-num'>1</span><span class='frac-den'>3</span></span> = ?  (common denominator is 3x)	<span class='frac'><span class='frac-num'>1</span><span class='frac-den'>x</span></span> + <span class='frac'><span class='frac-num'>1</span><span class='frac-den'>3</span></span> = ?  (el denominador común es 3x)
(3 + x)/3x, where x ≠ 0	(3 + x)/3x, donde x ≠ 0
<span class='frac'><span class='frac-num'>2</span><span class='frac-den'>x</span></span> − <span class='frac'><span class='frac-num'>1</span><span class='frac-den'>x</span></span> = ?  (same denominator already)	<span class='frac'><span class='frac-num'>2</span><span class='frac-den'>x</span></span> − <span class='frac'><span class='frac-num'>1</span><span class='frac-den'>x</span></span> = ?  (ya tienen el mismo denominador)
1/x, where x ≠ 0	1/x, donde x ≠ 0
Radical Operations	Operaciones con radicales
Simplifying a single radical was step one — now you combine, multiply, and clean up radicals the same way you'd work with any other variable term.	Simplificar un solo radical fue el primer paso — ahora vas a combinar, multiplicar y limpiar radicales igual que trabajarías con cualquier otro término con variable.
Like Radicals	Radicales semejantes
Radicals with the exact same number underneath the root symbol.	Radicales con exactamente el mismo número debajo del símbolo de raíz.
3√2 and 5√2 are like radicals; 3√2 and 3√5 are not.	3√2 y 5√2 son radicales semejantes; 3√2 y 3√5 no lo son.
Rationalizing the Denominator	Racionalizar el denominador
Removing a radical from the denominator of a fraction by multiplying top and bottom by that radical.	Quitar un radical del denominador de una fracción multiplicando arriba y abajo por ese radical.
1/√2 becomes √2/2 after rationalizing.	1/√2 se convierte en √2/2 después de racionalizar.
Adding Like Radicals	Sumar radicales semejantes
<div class='ex-legend'><span class='ex-purple'>PURPLE</span> = the matching radical part, <span class='ex-blue'>BLUE</span> = the coefficients you combine, <span class='ex-red'>RED</span> = the answer</div>	<div class='ex-legend'><span class='ex-purple'>MORADO</span> = la parte del radical que coincide, <span class='ex-blue'>AZUL</span> = los coeficientes que combinas, <span class='ex-red'>ROJO</span> = la respuesta</div>
<div class='ex-notice'>Notice: multiplying radicals means multiplying the NUMBERS underneath, then simplifying as usual.</div>	<div class='ex-notice'>Fíjate: multiplicar radicales significa multiplicar los NÚMEROS de abajo y luego simplificar como siempre.</div>
Rationalize: 1/√2	Racionaliza: 1/√2
Multiply top and bottom by {{}}	Multiplica arriba y abajo por {{}}
Rationalize: 1/√3	Racionaliza: 1/√3
Absolute Value Inequalities	Desigualdades con valor absoluto
Describes a range AROUND a target value — like how far off a measurement is allowed to be — instead of just one boundary.	Describen un rango ALREDEDOR de un valor objetivo — como cuánto error se permite en una medida — en lugar de un solo límite.
Absolute Value Inequality	Desigualdad con valor absoluto
An inequality comparing an absolute value expression to a number.	Una desigualdad que compara una expresión con valor absoluto con un número.
|x − 2| < 5 means x is within 5 units of 2.	|x − 2| < 5 significa que x está a menos de 5 unidades de 2.
A "Less Than" Case (Between)	Un caso de "menor que" (entre)
A "Greater Than" Case (Split With OR)	Un caso de "mayor que" (separar con O)
Solve: |x − 1| < 6	Resuelve: |x − 1| < 6
Rewrite as between: −6 < x − 1 < {{}}	Reescribe como entre: −6 < x − 1 < {{}}
Solve: |x + 4| > 2	Resuelve: |x + 4| > 2
x > −2  or  x < −6	x > −2  o  x < −6
x>-2 or x<-6	x>-2 o x<-6
Split into two: x + 4 > 2 {{}} x + 4 < −2	Sepáralo en dos: x + 4 > 2 {{}} x + 4 < −2
or	o
and	y
x > -2 or x < -6	x > -2 o x < -6
Solve: |2x| ≤ 10	Resuelve: |2x| ≤ 10
Divide all three parts by {{}}	Divide las tres partes entre {{}}
Solve: |x − 2| < 5	Resuelve: |x − 2| < 5
Solve: |x + 1| > 4	Resuelve: |x + 1| > 4
x > 3  or  x < −5	x > 3  o  x < −5
x>3 or x<-5	x>3 o x<-5
Solve: |x| ≤ 7	Resuelve: |x| ≤ 7
Solve: |x − 5| ≥ 3	Resuelve: |x − 5| ≥ 3
x ≥ 8  or  x ≤ 2	x ≥ 8  o  x ≤ 2
x>=8 or x<=2	x>=8 o x<=2
Solve: |3x| < 9	Resuelve: |3x| < 9
Solve: |x + 6| > 1	Resuelve: |x + 6| > 1
x > −5  or  x < −7	x > −5  o  x < −7
x>-5 or x<-7	x>-5 o x<-7
Graphing Inequalities	Graficar desigualdades
Shows the ENTIRE set of solutions at a glance — a shaded region or a shaded ray — instead of just one number.	Muestra el conjunto COMPLETO de soluciones de un vistazo — una región sombreada o un rayo sombreado — en lugar de un solo número.
Boundary Line	Recta frontera
The line that separates the shaded (solution) region from the rest of the graph.	La recta que separa la región sombreada (de soluciones) del resto de la gráfica.
For y < 2x + 1, the boundary line is y = 2x + 1.	Para y < 2x + 1, la recta frontera es y = 2x + 1.
Number Line: Open or Closed Circle	Recta numérica: círculo abierto o cerrado
<div class='ex-legend'><span class='ex-purple'>PURPLE</span> = the symbol, <span class='ex-blue'>BLUE</span> = open or closed, <span class='ex-red'>RED</span> = the answer</div>	<div class='ex-legend'><span class='ex-purple'>MORADO</span> = el símbolo, <span class='ex-blue'>AZUL</span> = abierto o cerrado, <span class='ex-red'>ROJO</span> = la respuesta</div>
Two Variables: Dashed or Solid, Shade Which Way	Dos variables: ¿discontinua o continua, y hacia dónde se sombrea?
On a number line, is x ≥ 4 an open or closed circle at 4? ###GRAPH:numberline;4,closed,right;x ≥ 4###	En una recta numérica, ¿x ≥ 4 lleva un círculo abierto o cerrado en 4? ###GRAPH:numberline;4,closed,right;x ≥ 4###
closed	cerrado
≥ means 4 {{}} included.	≥ significa que el 4 {{}} está incluido.
is not	no
open	abierto
For y > 3x + 2, is the boundary line dashed or solid? ###GRAPH:inequality;3,2,dashed,above;y > 3x + 2###	Para y > 3x + 2, ¿la recta frontera es discontinua o continua? ###GRAPH:inequality;3,2,dashed,above;y > 3x + 2###
dashed	discontinua
> does NOT include the line itself, so it is {{}}	> NO incluye la recta misma, así que es {{}}
solid	continua
For y < −x + 5, which way do you shade — above or below the line? ###GRAPH:inequality;-1,5,dashed,below;y < −x + 5###	Para y < −x + 5, ¿hacia dónde se sombrea — por encima o por debajo de la recta? ###GRAPH:inequality;-1,5,dashed,below;y < −x + 5###
below	por debajo
"y <" always shades {{}} the line	"y <" siempre sombrea {{}} de la recta
above	por encima
For y ≥ x − 2, which way do you shade — above or below the line? ###GRAPH:inequality;1,-2,solid,above;y ≥ x − 2###	Para y ≥ x − 2, ¿hacia dónde se sombrea — por encima o por debajo de la recta? ###GRAPH:inequality;1,-2,solid,above;y ≥ x − 2###
"y ≥" always shades {{}} the line	"y ≥" siempre sombrea {{}} de la recta
On a number line, is x < 7 an open or closed circle at 7? ###GRAPH:numberline;7,open,left;x < 7###	En una recta numérica, ¿x < 7 lleva un círculo abierto o cerrado en 7? ###GRAPH:numberline;7,open,left;x < 7###
On a number line, is x ≤ −2 an open or closed circle at −2? ###GRAPH:numberline;-2,closed,left;x ≤ −2###	En una recta numérica, ¿x ≤ −2 lleva un círculo abierto o cerrado en −2? ###GRAPH:numberline;-2,closed,left;x ≤ −2###
For y ≥ 2x − 3, is the boundary line dashed or solid? ###GRAPH:inequality;2,-3,solid,above;y ≥ 2x − 3###	Para y ≥ 2x − 3, ¿la recta frontera es discontinua o continua? ###GRAPH:inequality;2,-3,solid,above;y ≥ 2x − 3###
For y ≤ x + 4, which way do you shade? ###GRAPH:inequality;1,4,solid,below;y ≤ x + 4###	Para y ≤ x + 4, ¿hacia dónde se sombrea? ###GRAPH:inequality;1,4,solid,below;y ≤ x + 4###
For y > −2x + 1, which way do you shade? ###GRAPH:inequality;-2,1,dashed,above;y > −2x + 1###	Para y > −2x + 1, ¿hacia dónde se sombrea? ###GRAPH:inequality;-2,1,dashed,above;y > −2x + 1###
For y < 4x, is the boundary line dashed or solid? ###GRAPH:inequality;4,0,dashed,below;y < 4x###	Para y < 4x, ¿la recta frontera es discontinua o continua? ###GRAPH:inequality;4,0,dashed,below;y < 4x###
Direct & Inverse Variation	Variación directa e inversa
Describes how two quantities move together — like speed and travel time, or workers and job time — and shows up throughout science formulas.	Describe cómo se mueven juntas dos cantidades — como la velocidad y el tiempo de viaje, o los trabajadores y el tiempo del trabajo — y aparece en muchísimas fórmulas de ciencias.
Constant of Variation (k)	Constante de variación (k)
The fixed number that relates x and y in a variation equation.	El número fijo que relaciona x y y en una ecuación de variación.
In y = 3x, the constant of variation is k = 3.	En y = 3x, la constante de variación es k = 3.
Inverse Variation	Variación inversa
A relationship where one quantity increases as the other decreases, following y = k/x.	Una relación donde una cantidad aumenta mientras la otra disminuye, siguiendo y = k/x.
More workers (x) means less time (y) to finish a job.	Más trabajadores (x) significa menos tiempo (y) para terminar un trabajo.
Direct Variation	Variación directa
y varies directly with x. y = 10 when x = 2. Find y when x = 6.	y varía directamente con x. y = 10 cuando x = 2. Halla y cuando x = 6.
y varies inversely with x. y = 4 when x = 3. Find y when x = 6.	y varía inversamente con x. y = 4 cuando x = 3. Halla y cuando x = 6.
y varies directly with x. y = 15 when x = 3. Find x when y = 25.	y varía directamente con x. y = 15 cuando x = 3. Halla x cuando y = 25.
It takes 4 workers 6 hours to finish a job (inverse variation). How long for 8 workers?	4 trabajadores tardan 6 horas en terminar un trabajo (variación inversa). ¿Cuánto tardarían 8 trabajadores?
3 hours	3 horas
Is this direct or inverse variation? {{}}	¿Es variación directa o inversa? {{}}
inverse	inversa
direct	directa
k = workers × hours = 4 × 6 = {{}}	k = trabajadores × horas = 4 × 6 = {{}}
24 ÷ 8 = {{}} hours	24 ÷ 8 = {{}} horas
y varies directly with x. y = 8 when x = 2. Find y when x = 5.	y varía directamente con x. y = 8 cuando x = 2. Halla y cuando x = 5.
y varies inversely with x. y = 9 when x = 2. Find y when x = 3.	y varía inversamente con x. y = 9 cuando x = 2. Halla y cuando x = 3.
y varies directly with x. y = 21 when x = 7. Find y when x = 10.	y varía directamente con x. y = 21 cuando x = 7. Halla y cuando x = 10.
y varies inversely with x. y = 5 when x = 8. Find y when x = 4.	y varía inversamente con x. y = 5 cuando x = 8. Halla y cuando x = 4.
It takes 3 workers 8 hours to finish a job (inverse variation). How long for 6 workers?	3 trabajadores tardan 8 horas en terminar un trabajo (variación inversa). ¿Cuánto tardarían 6 trabajadores?
4 hours	4 horas
y varies directly with x. y = 18 when x = 6. Find x when y = 27.	y varía directamente con x. y = 18 cuando x = 6. Halla x cuando y = 27.
Exponential Growth & Decay	Crecimiento y decaimiento exponencial
Models how things like populations, investments, or radioactive material change by the same PERCENT every time period, instead of the same fixed amount.	Modela cómo cosas como las poblaciones, las inversiones o el material radiactivo cambian por el mismo PORCENTAJE en cada período de tiempo, en lugar de una cantidad fija.
Growth Factor	Factor de crecimiento
The number you repeatedly multiply by in exponential growth, equal to (1 + rate).	El número por el que multiplicas una y otra vez en el crecimiento exponencial, igual a (1 + tasa).
5% growth has a growth factor of 1.05.	Un crecimiento de 5 % tiene un factor de crecimiento de 1.05.
Decay Factor	Factor de decaimiento
The number you repeatedly multiply by in exponential decay, equal to (1 − rate).	El número por el que multiplicas una y otra vez en el decaimiento exponencial, igual a (1 − tasa).
5% decay has a decay factor of 0.95.	Un decaimiento de 5 % tiene un factor de decaimiento de 0.95.
Exponential Growth	Crecimiento exponencial
Exponential Decay	Decaimiento exponencial
$500 grows 6% per year. What is it worth after 2 years?	$500 crecen 6 % por año. ¿Cuánto valdrán después de 2 años?
Growth factor: 1 + 0.06 = {{}}	Factor de crecimiento: 1 + 0.06 = {{}}
2 years, so apply it twice: 500 × 1.06 × 1.06 = {{}}	2 años, así que aplícalo dos veces: 500 × 1.06 × 1.06 = {{}}
A $10,000 car depreciates 15% per year. What is it worth after 2 years?	Un carro de $10,000 se deprecia 15 % por año. ¿Cuánto vale después de 2 años?
Decay factor: 1 − 0.15 = {{}}	Factor de decaimiento: 1 − 0.15 = {{}}
2 years, so apply it twice: 10000 × 0.85 × 0.85 = {{}}	2 años, así que aplícalo dos veces: 10000 × 0.85 × 0.85 = {{}}
A population of 200 grows 10% per year. What is it after 1 year?	Una población de 200 crece 10 % por año. ¿Cuánto será después de 1 año?
Growth factor: {{}}	Factor de crecimiento: {{}}
$1000 grows 5% per year. What is it worth after 2 years?	$1000 crecen 5 % por año. ¿Cuánto valdrán después de 2 años?
A $50,000 machine depreciates 20% per year. What is it worth after 2 years?	Una máquina de $50,000 se deprecia 20 % por año. ¿Cuánto vale después de 2 años?
A population of 300 grows 8% per year. What is it after 1 year?	Una población de 300 crece 8 % por año. ¿Cuánto será después de 1 año?
$2000 grows 10% per year. What is it worth after 2 years?	$2000 crecen 10 % por año. ¿Cuánto valdrán después de 2 años?
A $4000 laptop depreciates 25% per year. What is it worth after 1 year?	Una laptop de $4000 se deprecia 25 % por año. ¿Cuánto vale después de 1 año?
$100 grows 50% per year. What is it worth after 2 years?	$100 crecen 50 % por año. ¿Cuánto valdrán después de 2 años?
Arithmetic Sequences	Sucesiones aritméticas
The algebra behind any pattern that changes by the same fixed amount every step — like seating rows, savings with equal deposits, or a countdown.	El álgebra detrás de cualquier patrón que cambia por la misma cantidad fija en cada paso — como las filas de asientos, los ahorros con depósitos iguales o una cuenta regresiva.
Common Difference (d)	Diferencia común (d)
The fixed amount added to get from one term to the next.	La cantidad fija que se suma para pasar de un término al siguiente.
In 3, 7, 11, 15…, the common difference is 4.	En 3, 7, 11, 15…, la diferencia común es 4.
nth Term	Término n-ésimo
A formula that lets you find any term in the sequence directly, without listing every term before it.	Una fórmula que te permite hallar cualquier término de la sucesión directamente, sin listar todos los términos anteriores.
aₙ = a₁ + (n−1)d finds the nth term.	aₙ = a₁ + (n−1)d halla el término n-ésimo.
Finding the Common Difference & a Term	Hallar la diferencia común y un término
A Decreasing Sequence	Una sucesión decreciente
Find the common difference: 2, 6, 10, 14…	Halla la diferencia común: 2, 6, 10, 14…
Find the 5th term of 3, 7, 11, 15… (d = 4)	Halla el quinto término de 3, 7, 11, 15… (d = 4)
Find the 8th term of 50, 45, 40… (d = −5)	Halla el octavo término de 50, 45, 40… (d = −5)
Find the common difference: 4, 9, 14, 19…	Halla la diferencia común: 4, 9, 14, 19…
Find the common difference: 30, 24, 18, 12…	Halla la diferencia común: 30, 24, 18, 12…
Find the 6th term of 1, 4, 7, 10… (d = 3)	Halla el sexto término de 1, 4, 7, 10… (d = 3)
Find the 10th term of 2, 5, 8, 11… (d = 3)	Halla el décimo término de 2, 5, 8, 11… (d = 3)
Find the 4th term of 100, 88, 76… (d = −12)	Halla el cuarto término de 100, 88, 76… (d = −12)
Find the 20th term of 7, 10, 13… (d = 3)	Halla el vigésimo término de 7, 10, 13… (d = 3)
Data & Statistics Basics	Datos y estadística básica
Summarizes a whole list of numbers with just a few values, so you can describe and compare data sets quickly — the foundation for reading any chart or study.	Resume una lista completa de números con unos pocos valores, para que puedas describir y comparar conjuntos de datos rápidamente — la base para leer cualquier gráfica o estudio.
Mean	Media
The average — the sum of all values divided by how many values there are.	El promedio — la suma de todos los valores dividida entre cuántos valores hay.
The mean of 2, 4, 6 is 12÷3 = 4.	La media de 2, 4, 6 es 12÷3 = 4.
Median	Mediana
The middle value when a data set is sorted from least to greatest.	El valor del medio cuando un conjunto de datos se ordena de menor a mayor.
The median of 1, 3, 9 is 3.	La mediana de 1, 3, 9 es 3.
Mode	Moda
The value that appears most often in a data set.	El valor que aparece más veces en un conjunto de datos.
The mode of 2, 2, 5, 7 is 2.	La moda de 2, 2, 5, 7 es 2.
Mean & Median	Media y mediana
Find the mean of: 5, 10, 15, 20	Halla la media de: 5, 10, 15, 20
Sum: 5+10+15+20 = {{}}	Suma: 5+10+15+20 = {{}}
Find the median of: 9, 3, 7, 1, 5	Halla la mediana de: 9, 3, 7, 1, 5
Sorted order: 1, 3, {{}}, 7, 9	Orden: 1, 3, {{}}, 7, 9
Find the mode of: 4, 6, 4, 9, 4, 2	Halla la moda de: 4, 6, 4, 9, 4, 2
Which value repeats the most? {{}}	¿Qué valor se repite más? {{}}
Find the median of: 7, 1, 9, 3  (even count — average the two middle values)	Halla la mediana de: 7, 1, 9, 3  (cantidad par — promedia los dos valores del medio)
Sorted order: 1, 3, 7, {{}}	Orden: 1, 3, 7, {{}}
Step 2 (even count — average the middle two)	Paso 2 (cantidad par — promedia los dos del medio)
Find the range of: 4, 17, 9, 2, 11	Halla el rango de: 4, 17, 9, 2, 11
Largest is {{}}, smallest is {{}}	El mayor es {{}}, el menor es {{}}
Find the mean of: 2, 4, 6, 8, 10	Halla la media de: 2, 4, 6, 8, 10
Find the median of: 12, 4, 8, 20, 16	Halla la mediana de: 12, 4, 8, 20, 16
Find the mode of: 7, 2, 7, 5, 7, 9	Halla la moda de: 7, 2, 7, 5, 7, 9
Find the range of: 3, 15, 8, 22, 6	Halla el rango de: 3, 15, 8, 22, 6
Find the median of: 10, 2, 8, 4  (even count — average the two middle values)	Halla la mediana de: 10, 2, 8, 4  (cantidad par — promedia los dos valores del medio)
Find the mean of: 90, 85, 95, 80, 100	Halla la media de: 90, 85, 95, 80, 100
Core Vocabulary	Vocabulario básico
Variable	Variable
A letter that stands in for a number that can change or isn't known yet.	Una letra que representa un número que puede cambiar o que todavía no se conoce.
In 3x + 1, x is the variable.	En 3x + 1, x es la variable.
Constant	Constante
A plain number in an expression that doesn't change.	Un número solo en una expresión que no cambia.
In 3x + 1, the 1 is the constant.	En 3x + 1, el 1 es la constante.
In 3x, the coefficient is 3.	En 3x, el coeficiente es 3.
Term	Término
A single number, variable, or product of numbers and variables, separated from others by + or −.	Un solo número, variable o producto de números y variables, separado de los demás por + o −.
3x² − 5x + 1 has three terms: 3x², −5x, and 1.	3x² − 5x + 1 tiene tres términos: 3x², −5x y 1.
Expression	Expresión
A math phrase of numbers, variables, and operations with no equals sign.	Una frase matemática de números, variables y operaciones sin signo de igual.
Equation	Ecuación
A math statement that says two expressions are equal, using an = sign.	Un enunciado matemático que dice que dos expresiones son iguales, usando un signo =.
Terms with the exact same variable part, which can be combined by adding/subtracting their coefficients.	Términos con exactamente la misma parte variable, que se pueden combinar sumando o restando sus coeficientes.
3x and 5x are like terms; 3x and 3x² are not.	3x y 5x son términos semejantes; 3x y 3x² no lo son.
Exponents & Radicals	Exponentes y radicales
A way to write very large or very small numbers as a number between 1 and 10 times a power of 10.	Una forma de escribir números muy grandes o muy pequeños como un número entre 1 y 10 por una potencia de 10.
A number produced by squaring a whole number.	Un número que se obtiene al elevar al cuadrado un número entero.
Expressions & Polynomials	Expresiones y polinomios
An expression made of added/subtracted terms with whole-number exponents.	Una expresión formada por términos sumados o restados con exponentes enteros.
Monomial	Monomio
A polynomial with exactly one term.	Un polinomio con exactamente un término.
Degree	Grado
The highest exponent on the variable in a polynomial.	El mayor exponente de la variable en un polinomio.
3x⁴ + x has degree 4.	3x⁴ + x tiene grado 4.
A way to multiply two binomials: First, Outer, Inner, Last — then combine like terms.	Una forma de multiplicar dos binomios: Primeros, Externos, Internos, Últimos (FOIL) — y luego combinar los términos semejantes.
Equations & Inequalities	Ecuaciones y desigualdades
Solution	Solución
A value that makes an equation or inequality true.	Un valor que hace verdadera una ecuación o desigualdad.
x = 3 is the solution to x + 2 = 5.	x = 3 es la solución de x + 2 = 5.
y = x + 2 and x + y = 10	y = x + 2 y x + y = 10
Substitution Method	Método de sustitución
Solving a system by replacing one variable with an equivalent expression from the other equation.	Resolver un sistema reemplazando una variable por una expresión equivalente de la otra ecuación.
If y = x + 2, substitute (x+2) in for y elsewhere.	Si y = x + 2, sustituye (x+2) en lugar de y en las demás partes.
Elimination Method	Método de eliminación
Solving a system by adding or subtracting the equations (after scaling, if needed) so one variable cancels.	Resolver un sistema sumando o restando las ecuaciones (después de multiplicar, si hace falta) para que una variable se cancele.
Two inequalities joined by "and" (between two values) or "or" (two separate ranges).	Dos desigualdades unidas por "y" (entre dos valores) o por "o" (dos rangos separados).
Factoring & Quadratics	Factorización y cuadráticas
The GCF of 6x and 9 is 3.	El MCD de 6x y 9 es 3.
Factoring	Factorización
Rewriting an expression as a product of simpler expressions that multiply back to it.	Reescribir una expresión como un producto de expresiones más simples que, al multiplicarse, dan la original.
A special pattern: a² − b² always factors into (a − b)(a + b).	Un patrón especial: a² − b² siempre se factoriza en (a − b)(a + b).
Quadratic Equation	Ecuación cuadrática
An equation where the highest exponent on the variable is 2.	Una ecuación donde el mayor exponente de la variable es 2.
The part of the quadratic formula under the root, b² − 4ac — it tells you how many real solutions exist.	La parte de la fórmula cuadrática bajo la raíz, b² − 4ac — te dice cuántas soluciones reales existen.
For x²−4x−1=0: discriminant = 16+4 = 20	Para x²−4x−1=0: discriminante = 16+4 = 20
The highest or lowest point of a parabola.	El punto más alto o más bajo de una parábola.
The parabola y = x² has its vertex at (0, 0).	La parábola y = x² tiene su vértice en (0, 0).
Parabola	Parábola
The U-shaped curve made by graphing a quadratic equation.	La curva en forma de U que resulta de graficar una ecuación cuadrática.
y = x² graphs as a parabola opening upward.	y = x² se grafica como una parábola que abre hacia arriba.
Roots / Zeros / x-intercepts	Raíces / Ceros / Interceptos con x
The x-values where a graph crosses the x-axis — these are the same as the solutions to the equation.	Los valores de x donde una gráfica cruza el eje x — son lo mismo que las soluciones de la ecuación.
x² − 4 = 0 has roots x = 2 and x = −2.	x² − 4 = 0 tiene raíces x = 2 y x = −2.
Rational Expressions	Expresiones racionales
Rational Expression	Expresión racional
A fraction with a polynomial in the numerator and/or denominator.	Una fracción con un polinomio en el numerador y/o en el denominador.
Extraneous Solution	Solución extraña
A value that pops out of solving but doesn't actually work in the original equation (often because it makes a denominator zero).	Un valor que sale al resolver pero que en realidad no funciona en la ecuación original (a menudo porque hace que un denominador sea cero).
Always check your answer back in the original denominator.	Siempre comprueba tu respuesta en el denominador original.
Graphing & Functions	Gráficas y funciones
How steep a line is — the amount y changes for every 1 unit x changes.	Qué tan inclinada es una recta — la cantidad que cambia y por cada 1 unidad que cambia x.
A slope of 3 means y goes up 3 for every 1 across.	Una pendiente de 3 significa que y sube 3 por cada 1 que avanzas horizontalmente.
The point where a line crosses the y-axis (where x = 0).	El punto donde una recta cruza el eje y (donde x = 0).
In y = 3x − 5, the y-intercept is −5.	En y = 3x − 5, el intercepto con y es −5.
x-intercept	Intercepto con x
The point where a graph crosses the x-axis (where y = 0).	El punto donde una gráfica cruza el eje x (donde y = 0).
The line y = 2x − 4 crosses the x-axis at x = 2.	La recta y = 2x − 4 cruza el eje x en x = 2.
A rule that takes an input and gives exactly one output.	Una regla que toma una entrada y da exactamente una salida.
f(x) = x² takes any x and outputs its square.	f(x) = x² toma cualquier x y devuelve su cuadrado.
Function Notation	Notación de funciones
Writing f(x) instead of y, to show the output of function f for a given input x.	Escribir f(x) en lugar de y, para mostrar la salida de la función f para una entrada x dada.
f(−2) means "plug −2 in for x."	f(−2) significa "sustituye x por −2".
All the possible input (x) values a function can accept.	Todos los valores de entrada (x) posibles que una función puede aceptar.
For f(x) = 1/(x−5), the domain is all real numbers except x = 5.	Para f(x) = 1/(x−5), el dominio es todos los números reales excepto x = 5.
All the possible output (y) values a function can produce.	Todos los valores de salida (y) posibles que una función puede producir.
Key Formulas	Fórmulas clave
Slope Formula	Fórmula de la pendiente
The slope between two known points.	La pendiente entre dos puntos conocidos.
Slope-Intercept Form	Forma pendiente-intercepto
y = mx + b, where m is the slope and b is the y-intercept.	y = mx + b, donde m es la pendiente y b es el intercepto con y.
Point-Slope Form	Forma punto-pendiente
y − y₁ = m(x − x₁), used to write a line's equation from a point and a slope.	y − y₁ = m(x − x₁), se usa para escribir la ecuación de una recta a partir de un punto y una pendiente.
Quadratic Formula	Fórmula cuadrática
x = (−b ± √(b² − 4ac)) / 2a, solves any quadratic ax² + bx + c = 0.	x = (−b ± √(b² − 4ac)) / 2a, resuelve cualquier cuadrática ax² + bx + c = 0.
Works even when factoring doesn't.	Funciona incluso cuando la factorización no sirve.
y = kx — y grows proportionally with x.	y = kx — y crece de forma proporcional a x.
More hours worked, proportionally more pay.	Más horas trabajadas, proporcionalmente más pago.
y = k / x — as x grows, y shrinks proportionally.	y = k / x — cuando x crece, y se reduce proporcionalmente.
More workers, proportionally less time.	Más trabajadores, proporcionalmente menos tiempo.
Exponential Growth/Decay	Crecimiento/decaimiento exponencial
y = a(1 ± r)ᵗ — a starting amount changing by a steady percent rate over time.	y = a(1 ± r)ᵗ — una cantidad inicial que cambia a una tasa porcentual constante con el tiempo.
Growth uses (1 + r), decay uses (1 − r).	El crecimiento usa (1 + r), el decaimiento usa (1 − r).
Arithmetic Sequence	Sucesión aritmética
aₙ = a₁ + (n − 1)d — each term is the first term plus (n−1) times the common difference.	aₙ = a₁ + (n − 1)d — cada término es el primer término más (n−1) veces la diferencia común.
2, 5, 8, 11, … has d = 3.	2, 5, 8, 11, … tiene d = 3.
So 5x⁰ = 5 × 1 = {{}}	Entonces 5x⁰ = 5 × 1 = {{}}
Step 1	Paso 1
Step 2	Paso 2
Step 3	Paso 3
is	sí
no	no
up	arriba
x < 9 + 3, so x < {{}}	x < 9 + 3, así que x < {{}}
When you multiply powers with the same base, ADD the exponents. When you raise a power to a power, MULTIPLY the exponents. When you divide powers with the same base, SUBTRACT the exponents. Any number except 0 raised to the power 0 equals 1. A negative exponent means flip it into a fraction: x⁻ⁿ = 1/xⁿ.	Cuando multiplicas potencias con la misma base, SUMA los exponentes. Cuando elevas una potencia a otra potencia, MULTIPLICA los exponentes. Cuando divides potencias con la misma base, RESTA los exponentes. Todo número excepto 0 elevado a la potencia 0 es igual a 1. Un exponente negativo significa voltearlo y convertirlo en fracción: x⁻ⁿ = 1/xⁿ.
Multiplying Powers (Same Base)	Multiplicar potencias (misma base)
Power to a Power	Potencia de una potencia
Dividing Powers (Same Base)	Dividir potencias (misma base)
The Zero Exponent	El exponente cero
A Negative Exponent	Un exponente negativo
Powers With Coefficients	Potencias con coeficientes
Same base, multiplying: you {{}} the exponents.	Misma base, al multiplicar: tú {{}} los exponentes.
Same base, dividing: you {{}} the exponents.	Misma base, al dividir: tú {{}} los exponentes.
Power raised to a power: you {{}} the exponents.	Una potencia elevada a otra potencia: tú {{}} los exponentes.
For a big number, move the decimal point LEFT until exactly one digit is in front. The number of places you moved becomes a POSITIVE exponent on the 10. For a tiny number, move the decimal RIGHT instead, and the exponent is NEGATIVE. To go back to standard form, move the decimal the opposite way from what the exponent says. To multiply two numbers in scientific notation, multiply the front numbers and ADD the exponents. To divide, divide the front numbers and SUBTRACT the exponents.	Para un número grande, mueve el punto decimal a la IZQUIERDA hasta que quede exactamente un dígito delante. El número de lugares que moviste se convierte en un exponente POSITIVO del 10. Para un número diminuto, mueve el punto decimal a la DERECHA, y el exponente es NEGATIVO. Para volver a la forma estándar, mueve el punto decimal en el sentido contrario al que dice el exponente. Para multiplicar dos números en notación científica, multiplica los números de adelante y SUMA los exponentes. Para dividir, divide los números de adelante y RESTA los exponentes.
A Big Number to Scientific Notation	Un número grande a notación científica
A Tiny Number to Scientific Notation	Un número diminuto a notación científica
Scientific Notation Back to Standard Form	De notación científica a forma estándar
Multiplying in Scientific Notation	Multiplicar en notación científica
Dividing in Scientific Notation	Dividir en notación científica
Find the LARGEST perfect square (4, 9, 16, 25, 36 and so on) that divides evenly into the number under the root. Take the square root of that perfect square and write it in front of the root. Whatever is left over stays under the radical sign.	Busca el cuadrado perfecto MÁS GRANDE (4, 9, 16, 25, 36 y así sucesivamente) que divide exactamente al número bajo la raíz. Saca la raíz cuadrada de ese cuadrado perfecto y escríbela delante de la raíz. Lo que sobra se queda bajo el signo radical.
Solve it exactly like an equation: get x alone using the same steps. There is one difference. If you multiply or divide BOTH sides by a NEGATIVE number, you must FLIP the inequality sign.	Resuélvela exactamente como una ecuación: deja la x sola con los mismos pasos. Hay una diferencia. Si multiplicas o divides AMBOS lados por un número NEGATIVO, tienes que VOLTEAR el signo de la desigualdad.
Two Steps With a Negative	Dos pasos con un negativo
Absolute value means the distance from 0, so it is never negative. Split the problem into TWO equations. Drop the bars for the POSITIVE case and keep the right side the same. Drop the bars for the NEGATIVE case and flip the sign of the right side. Solve both equations.	El valor absoluto es la distancia desde 0, así que nunca es negativo. Separa el problema en DOS ecuaciones. Quita las barras para el caso POSITIVO y deja igual el lado derecho. Quita las barras para el caso NEGATIVO y cambia el signo del lado derecho. Resuelve las dos ecuaciones.
A Two-Step Case	Un caso de dos pasos
When the Right Side Is 0	Cuando el lado derecho es 0
Positive case: x − 5 = 3. Add 5 to both sides to get x = {{}}	Caso positivo: x − 5 = 3. Suma 5 en ambos lados para obtener x = {{}}
Negative case: x − 5 = −3. Add 5 to both sides to get x = {{}}	Caso negativo: x − 5 = −3. Suma 5 en ambos lados para obtener x = {{}}
Positive case: 2x + 3 = 9. Subtract 3, then divide by 2, to get x = {{}}	Caso positivo: 2x + 3 = 9. Resta 3 y luego divide entre 2 para obtener x = {{}}
Negative case: 2x + 3 = −9. Subtract 3, then divide by 2, to get x = {{}}	Caso negativo: 2x + 3 = −9. Resta 3 y luego divide entre 2 para obtener x = {{}}
x + 1 = 0, so x = {{}}	x + 1 = 0, así que x = {{}}
Substitution: take an expression that equals one variable, or solve one equation for that variable, and substitute it into the OTHER equation. That leaves one equation with one variable. Solve it, then plug that answer back into either original equation to find the second variable.	Sustitución: toma una expresión que es igual a una variable, o despeja una variable en una ecuación, y sustitúyela en la OTRA ecuación. Eso deja una ecuación con una sola variable. Resuélvela y luego sustituye esa respuesta en cualquiera de las ecuaciones originales para hallar la segunda variable.
A Subtraction Inside the Parentheses	Una resta dentro del paréntesis
Substitute (x + 1) in for y: x + (x + 1) = 9. Combine like terms and solve to get x = {{}}	Sustituye (x + 1) en lugar de y: x + (x + 1) = 9. Combina los términos semejantes y resuelve para obtener x = {{}}
Add the two equations so the y's cancel: 2x = 18. Divide by 2 to get x = {{}}	Suma las dos ecuaciones para que las y se cancelen: 2x = 18. Divide entre 2 para obtener x = {{}}
Plug x = 9 back in: 9 + y = 14, so y = {{}}	Sustituye x = 9 de nuevo: 9 + y = 14, así que y = {{}}
Substitute (3x − 1) in for y: x + (3x − 1) = 11. Combine like terms and solve to get x = {{}}	Sustituye (3x − 1) en lugar de y: x + (3x − 1) = 11. Combina los términos semejantes y resuelve para obtener x = {{}}
Substitute (x − 10) in for y: x + (x − 10) = 4. Combine like terms and solve to get x = {{}}	Sustituye (x − 10) en lugar de y: x + (x − 10) = 4. Combina los términos semejantes y resuelve para obtener x = {{}}
Factor the numerator and the denominator completely. Cancel any factor that appears on BOTH the top and the bottom. Then state the restriction. Whatever x-value would make the ORIGINAL (unfactored) denominator equal 0 has to stay off-limits, even after that factor cancels.	Factoriza por completo el numerador y el denominador. Cancela cualquier factor que aparezca tanto ARRIBA como ABAJO. Luego indica la restricción. Cualquier valor de x que haría que el denominador ORIGINAL (sin factorizar) fuera igual a 0 tiene que quedar prohibido, incluso después de cancelar ese factor.
Cancelling a Common Factor	Cancelar un factor común
Factoring Out a Common Factor	Sacar un factor común
Factoring a Trinomial First	Factorizar primero un trinomio
Whatever you do, do it to ALL THREE parts at once (add, subtract, multiply, or divide) to get x alone in the middle. If you multiply or divide by a negative number, flip BOTH inequality signs. When two inequalities are joined by the word "or" instead of sandwiched together, they are not one three-part compound. Solve each one completely on its own and keep both pieces of the answer.	Lo que hagas, hazlo a LAS TRES partes a la vez (sumar, restar, multiplicar o dividir) para dejar x sola en el medio. Si multiplicas o divides por un número negativo, voltea AMBOS signos de desigualdad. Cuando dos desigualdades están unidas por la palabra "o" en vez de formar un sándwich, no son una sola desigualdad de tres partes. Resuelve cada una por completo por su cuenta y conserva las dos partes de la respuesta.
x + 3 < 2. Subtract 3 from both sides to get x < {{}}	x + 3 < 2. Resta 3 en ambos lados para obtener x < {{}}
2x − 1 > 9. Add 1 to both sides to get 2x > 10. Divide both sides by 2 to get x > {{}}	2x − 1 > 9. Suma 1 en ambos lados para obtener 2x > 10. Divide ambos lados entre 2 para obtener x > {{}}
Line the two equations up. If one variable's coefficients are exact opposites (like +y and −y), ADD the equations to cancel it. If they are identical (like +y and +y), SUBTRACT instead. Solve for the variable that is left, then plug that answer into either original equation to find the other one.	Alinea las dos ecuaciones. Si los coeficientes de una variable son opuestos exactos (como +y y −y), SUMA las ecuaciones para cancelarla. Si son idénticos (como +y y +y), RESTA. Resuelve la variable que queda y luego sustituye esa respuesta en cualquiera de las ecuaciones originales para hallar la otra.
Subtracting to Eliminate	Restar para eliminar
2x = 8. Divide both sides by 2 to get x = {{}}	2x = 8. Divide ambos lados entre 2 para obtener x = {{}}
Plug back in: 4 + y = 7. Subtract 4 from both sides to get y = {{}}	Sustituye de nuevo: 4 + y = 7. Resta 4 en ambos lados para obtener y = {{}}
The y's are opposite, so ADD the equations to get 4x = 12. Divide both sides by 4 to get x = {{}}	Las y son opuestas, así que SUMA las ecuaciones para obtener 4x = 12. Divide ambos lados entre 4 para obtener x = {{}}
Plug back in: 2(3) + 3y = 12. Then 6 + 3y = 12, so 3y = 6 and y = {{}}	Sustituye de nuevo: 2(3) + 3y = 12. Entonces 6 + 3y = 12, así que 3y = 6 y y = {{}}
2x = 6. Divide both sides by 2 to get x = {{}}	2x = 6. Divide ambos lados entre 2 para obtener x = {{}}
Plug back in: 3 + y = 5. Subtract 3 from both sides to get y = {{}}	Sustituye de nuevo: 3 + y = 5. Resta 3 en ambos lados para obtener y = {{}}
Distribute every term in the first parentheses across every term in the second one. This is the same idea as FOIL, with more terms to keep track of. Then combine any like terms to get the final answer.	Distribuye cada término del primer paréntesis entre cada término del segundo. Es la misma idea de FOIL, con más términos que seguir. Luego combina los términos semejantes para obtener la respuesta final.
A Negative Term	Un término negativo
Find the greatest number that divides every coefficient evenly, and the smallest power of the variable that shows up in EVERY term. Together those make the GCF. Divide each term by the GCF and write the GCF out front, with what is left in parentheses.	Busca el número más grande que divide exactamente todos los coeficientes, y la potencia más pequeña de la variable que aparece en TODOS los términos. Juntos forman el MCD. Divide cada término entre el MCD y escribe el MCD al frente, con lo que queda dentro de paréntesis.
A Subtraction	Una resta
With a Number in Front of x²	Con un número delante de x²
The "ac method": multiply a × c. Find two numbers that multiply to that product AND add to b. Split the middle term using those two numbers, group the four terms into two pairs, and factor each pair. You should get the same binomial in both. Factor that common binomial out. It does not matter which of the two numbers you write first when you split the middle term, because grouping ends at the same factored answer either way.	El "método ac": multiplica a × c. Halla dos números que multipliquen ese producto Y sumen b. Divide el término del medio usando esos dos números, agrupa los cuatro términos en dos pares y saca el factor común de cada par. Deberías obtener el mismo binomio en los dos. Saca ese binomio común como factor. No importa cuál de los dos números escribas primero al dividir el término del medio, porque al agrupar se llega a la misma respuesta factorizada de cualquier forma.
With a Negative Number	Con un número negativo
Move the constant to the other side. Take HALF of the x-coefficient, square it, and add that number to BOTH sides. The left side is now a perfect square, so write it as (x + that half)². Take the square root of both sides (do not forget ±), then solve both cases.	Pasa la constante al otro lado. Toma la MITAD del coeficiente de x, elévala al cuadrado y suma ese número en AMBOS lados. El lado izquierdo ahora es un cuadrado perfecto, así que escríbelo como (x + esa mitad)². Saca la raíz cuadrada de ambos lados (no olvides ±) y luego resuelve los dos casos.
Write the equation as ax² + bx + c = 0 and identify a, b and c (watch the signs!). Plug them into x = (−b ± √(b² − 4ac)) / (2a) and simplify carefully, one piece at a time.	Escribe la ecuación como ax² + bx + c = 0 e identifica a, b y c (¡cuidado con los signos!). Sustitúyelos en x = (−b ± √(b² − 4ac)) / (2a) y simplifica con cuidado, una pieza a la vez.
x = (1 ± 7) / 2, so x = {{}}	x = (1 ± 7) / 2, así que x = {{}}
x = (5 ± 7) / 4, so x = {{}}	x = (5 ± 7) / 4, así que x = {{}}
x = (−1 ± 9) / 2, so x = {{}}	x = (−1 ± 9) / 2, así que x = {{}}
x = (−4 ± 2√2) / 2, so x = {{}}	x = (−4 ± 2√2) / 2, así que x = {{}}
Define a variable for the unknown. Translate the words into an equation piece by piece ("% off" means multiply by (1 − the rate), and consecutive integers are x, x + 1, x + 2 and so on). Solve the equation, then double-check that you answered the question that was actually asked.	Define una variable para la incógnita. Traduce las palabras a una ecuación pieza por pieza ("% de descuento" significa multiplicar por (1 − la tasa), y los enteros consecutivos son x, x + 1, x + 2 y así sucesivamente). Resuelve la ecuación y luego comprueba que respondiste la pregunta que realmente se hizo.
Percent Increase	Aumento porcentual
Distance, Rate and Time	Distancia, velocidad y tiempo
800 × 0.05 × 2: first 800 × 0.05 = 40, then 40 × 2 = {{}}	800 × 0.05 × 2: primero 800 × 0.05 = 40 y luego 40 × 2 = {{}}
Solve: 2x + 1 = 35. Subtract 1 to get 2x = 34. Divide by 2 to get x = {{}}	Resuelve: 2x + 1 = 35. Resta 1 para obtener 2x = 34. Divide entre 2 para obtener x = {{}}
Get the equation into slope-intercept form, y = mx + b. Plot the y-intercept (b) first. That is where the line crosses the y-axis. From that point, use the slope (m = rise/run) to count off a second point: rise up or down, then run right. A straight line through both points is your graph.	Pon la ecuación en la forma pendiente-intercepto, y = mx + b. Marca primero el intercepto con y (b). Ahí es donde la recta cruza el eje y. Desde ese punto, usa la pendiente (m = subida/avance) para contar un segundo punto: sube o baja y avanza hacia la derecha. Una recta que pase por los dos puntos es tu gráfica.
New point: (0 + 1, 3 + 2) is {{}}	Punto nuevo: (0 + 1, 3 + 2) es {{}}
m = 8 ÷ 4, so m = {{}}	m = 8 ÷ 4, así que m = {{}}
Find the slope first if you do not already have it: m = (change in y) ÷ (change in x). Plug the slope and ONE known point into y = mx + b and solve for b. Write the final equation as y = mx + b. For parallel lines, use the SAME slope. For perpendicular lines, flip the slope and change its sign (the negative reciprocal).	Halla primero la pendiente si no la tienes: m = (cambio en y) ÷ (cambio en x). Sustituye la pendiente y UN punto conocido en y = mx + b y despeja b. Escribe la ecuación final como y = mx + b. Para rectas paralelas, usa la MISMA pendiente. Para rectas perpendiculares, voltea la pendiente y cámbiale el signo (el recíproco negativo).
Writing From Two Points	Escribir a partir de dos puntos
Plug in: 5 = 2(1) + b. Then 5 = 2 + b, so b = {{}}	Sustituye: 5 = 2(1) + b. Entonces 5 = 2 + b, así que b = {{}}
f(x) just means "the output of the function f when the input is x." To evaluate f(a), substitute a everywhere you see x in the function's rule, then simplify. The domain is every input (x-value) allowed in. The range is every output (y-value) that comes out.	f(x) solo significa "la salida de la función f cuando la entrada es x". Para evaluar f(a), sustituye a en todos los lugares donde ves x en la regla de la función y luego simplifica. El dominio es toda entrada (valor de x) permitida. El rango es toda salida (valor de y) que resulta.
Finding a Domain	Hallar un dominio
Finding a Range	Hallar un rango
Substitute x = 4: 3(4) − 2 = 12 − 2 = {{}}	Sustituye x = 4: 3(4) − 2 = 12 − 2 = {{}}
Only combine LIKE terms, which have the same variable AND the same exponent. When subtracting, distribute the negative sign across every term in the second polynomial first (flip each of its signs), then combine like terms as usual.	Combina solo términos SEMEJANTES, los que tienen la misma variable Y el mismo exponente. Al restar, primero distribuye el signo negativo entre todos los términos del segundo polinomio (cambia cada uno de sus signos) y luego combina los términos semejantes como siempre.
Terms That Cancel	Términos que se cancelan
A Number in Front of x	Un número delante de x
Both Factors Negative	Los dos factores negativos
Split the middle term into two terms whose product matches a × c and whose sum matches b (just like the ac method). Group the four terms into two pairs. Pull the GCF out of each pair. If both pairs now share the same leftover factor, pull THAT out too. That is your final factored form.	Divide el término del medio en dos términos cuyo producto coincida con a × c y cuya suma coincida con b (igual que en el método ac). Agrupa los cuatro términos en dos pares. Saca el MCD de cada par. Si los dos pares ahora comparten el mismo factor sobrante, saca ESE también. Esa es tu forma factorizada final.
A perfect square trinomial (a² ± 2ab + b²) factors as (a ± b)². A sum or difference of cubes (a³ ± b³) factors as (a ± b)(a² ∓ ab + b²). Notice that the middle sign always flips in the second factor.	Un trinomio cuadrado perfecto (a² ± 2ab + b²) se factoriza como (a ± b)². Una suma o diferencia de cubos (a³ ± b³) se factoriza como (a ± b)(a² ∓ ab + b²). Fíjate que el signo del medio siempre cambia en el segundo factor.
Sum of Cubes	Suma de cubos
Get the equation equal to 0 first. Factor the quadratic completely. Set EACH factor equal to 0 separately (the Zero Product Property) and solve each mini-equation for x.	Primero iguala la ecuación a 0. Factoriza la cuadrática por completo. Iguala CADA factor a 0 por separado (la Propiedad del Producto Cero) y resuelve cada mini-ecuación para x.
A Difference of Squares	Una diferencia de cuadrados
In vertex form y = a(x − h)² + k, the vertex is (h, k). Be careful: h takes the OPPOSITE sign from the one shown inside the parentheses. The axis of symmetry is the vertical line x = h. If a > 0 the parabola opens up (a U-shape). If a < 0 it opens down.	En la forma vértice y = a(x − h)² + k, el vértice es (h, k). Ojo: h toma el signo OPUESTO al que aparece dentro del paréntesis. El eje de simetría es la recta vertical x = h. Si a > 0, la parábola abre hacia arriba (forma de U). Si a < 0, abre hacia abajo.
Which Way Does It Open?	¿Hacia dónde abre?
Multiply: factor everything, then cancel any factor shared by the top and the bottom across BOTH fractions. Divide: flip the second fraction (multiply by its reciprocal), then continue like multiplication. Add or subtract: get a common denominator first, then combine the numerators only. Just like simplifying a single rational expression, finish by stating the restriction: any x-value that would make an ORIGINAL denominator equal 0 (or, when dividing, the fraction you flipped) stays off-limits.	Multiplicar: factoriza todo y luego cancela cualquier factor compartido por el numerador y el denominador entre AMBAS fracciones. Dividir: voltea la segunda fracción (multiplica por su recíproco) y sigue como en la multiplicación. Sumar o restar: primero busca un denominador común y luego combina solo los numeradores. Igual que al simplificar una sola expresión racional, termina indicando la restricción: cualquier valor de x que haría que un denominador ORIGINAL fuera igual a 0 (o, al dividir, la fracción que volteaste) queda prohibido.
Adding Rational Expressions	Sumar expresiones racionales
Subtracting With the Same Denominator	Restar con el mismo denominador
Add or subtract: only combine LIKE radicals (the same number under the root), just like like terms. Multiply: multiply the numbers under the roots together, then simplify. Rationalize: if a radical is left in the denominator, multiply the top and bottom by that same radical to clear it out.	Sumar o restar: combina solo radicales SEMEJANTES (el mismo número bajo la raíz), igual que los términos semejantes. Multiplicar: multiplica los números bajo las raíces y luego simplifica. Racionalizar: si queda un radical en el denominador, multiplica el numerador y el denominador por ese mismo radical para eliminarlo.
Subtracting Like Radicals	Restar radicales semejantes
Multiplying Radicals	Multiplicar radicales
Rationalizing	Racionalizar
First get the absolute value alone on one side. If it is less than (< or ≤), the inside is BETWEEN two numbers, so rewrite it as one statement: −k < expression < k, then solve all three parts. If it is greater than (> or ≥), the inside is OUTSIDE, so split it into TWO inequalities joined by OR: expression > k OR expression < −k, then solve each one.	Primero deja el valor absoluto solo en un lado. Si es menor que (< o ≤), el interior está ENTRE dos números, así que reescríbelo como un solo enunciado: −k < expresión < k, y luego resuelve las tres partes. Si es mayor que (> o ≥), el interior está FUERA, así que sepáralo en DOS desigualdades unidas por O: expresión > k O expresión < −k, y luego resuelve cada una.
On a number line: an open circle means < or > (that exact number is NOT included). A closed circle means ≤ or ≥ (it IS included). For two variables: graph the boundary line, DASHED for < or >, SOLID for ≤ or ≥. Then shade above the line for y > or y ≥, and shade below for y < or y ≤.	En una recta numérica: un círculo abierto significa < o > (ese número exacto NO está incluido). Un círculo cerrado significa ≤ o ≥ (SÍ está incluido). Para dos variables: grafica la recta frontera, DISCONTINUA para < o >, CONTINUA para ≤ o ≥. Luego sombrea por encima de la recta para y > o y ≥, y sombrea por debajo para y < o y ≤.
Direct variation: y = kx. As x goes up, y goes up at the same rate. Find k by dividing a known y by its matching x: k = y ÷ x. Inverse variation: y = k ÷ x. As x goes up, y goes DOWN. Find k by multiplying a known pair: k = x × y. Once you have k, write the equation, put in the new x (or y), and solve.	Variación directa: y = kx. Cuando x sube, y sube al mismo ritmo. Halla k dividiendo una y conocida entre su x correspondiente: k = y ÷ x. Variación inversa: y = k ÷ x. Cuando x sube, y BAJA. Halla k multiplicando un par conocido: k = x × y. Una vez que tienes k, escribe la ecuación, pon la nueva x (o y) y resuelve.
Use y = a(1 + r)ᵗ for growth, or y = a(1 − r)ᵗ for decay. Here a is the starting amount, r is the rate written as a decimal, and t is the number of time periods. Find the factor first (1 + r or 1 − r), work out the power, then multiply by the starting amount.	Usa y = a(1 + r)ᵗ para crecimiento, o y = a(1 − r)ᵗ para decaimiento. Aquí a es la cantidad inicial, r es la tasa escrita como decimal y t es el número de períodos de tiempo. Halla primero el factor (1 + r o 1 − r), calcula la potencia y luego multiplica por la cantidad inicial.
Find the common difference d by subtracting any term from the one right after it. Then use the formula aₙ = a₁ + (n − 1)d, where a₁ is the first term and n is the term number you want. Work the parentheses first, then multiply, then add.	Halla la diferencia común d restando cualquier término del que viene justo después. Luego usa la fórmula aₙ = a₁ + (n − 1)d, donde a₁ es el primer término y n es el número del término que quieres. Haz primero los paréntesis, luego multiplica y luego suma.
Mean: add every value, then divide by how many values there are. Median: sort the values from smallest to largest, then pick the middle one (if there is an even count, average the two middle ones). Mode: the value that shows up most often. Range: the largest value minus the smallest value.	Media: suma todos los valores y luego divide entre cuántos valores hay. Mediana: ordena los valores de menor a mayor y toma el del medio (si hay una cantidad par, promedia los dos del medio). Moda: el valor que aparece más veces. Rango: el valor más grande menos el valor más pequeño.
Mode, Median & Range With an Even Count	Moda, mediana y rango con una cantidad par
For 2x+3y=7 and 3x−2y=4, multiply the first equation by 2 and the second by 3. The y terms become 6y and −6y, so adding the equations cancels y.	Para 2x+3y=7 y 3x−2y=4, multiplica la primera ecuación por 2 y la segunda por 3. Los términos en y se convierten en 6y y −6y, así que al sumar las ecuaciones la y se cancela.
(x+2)(x+3): First x · x = x², Outer x · 3 = 3x, Inner 2 · x = 2x, Last 2 · 3 = 6. Together x² + 3x + 2x + 6. Combine 3x + 2x = 5x. The answer is x² + 5x + 6.	(x+2)(x+3): Primeros x · x = x², Externos x · 3 = 3x, Internos 2 · x = 2x, Últimos 2 · 3 = 6. Juntos x² + 3x + 2x + 6. Combina 3x + 2x = 5x. La respuesta es x² + 5x + 6.
x = 3 is the solution to x + 2 = 5, because 3 + 2 = 5.	x = 3 es la solución de x + 2 = 5, porque 3 + 2 = 5.
|−5| = 5, because −5 is 5 units away from 0.	|−5| = 5, porque −5 está a 5 unidades de 0.
The GCF of 6x and 9 is 3, because 6x = 3 · 2x and 9 = 3 · 3, and no bigger number divides both.	El MCD de 6x y 9 es 3, porque 6x = 3 · 2x y 9 = 3 · 3, y ningún número más grande divide a los dos.
x² + 5x + 6: find two numbers that multiply to 6 and add to 5. Those numbers are 2 and 3, because 2 × 3 = 6 and 2 + 3 = 5. So x² + 5x + 6 = (x + 2)(x + 3).	x² + 5x + 6: halla dos números que multipliquen 6 y sumen 5. Esos números son 2 y 3, porque 2 × 3 = 6 y 2 + 3 = 5. Entonces x² + 5x + 6 = (x + 2)(x + 3).
x² − 9: x² is x squared and 9 is 3 squared, so a = x and b = 3. Then x² − 9 = (x − 3)(x + 3).	x² − 9: x² es x al cuadrado y 9 es 3 al cuadrado, así que a = x y b = 3. Entonces x² − 9 = (x − 3)(x + 3).
For x² − 4x − 1 = 0, a = 1, b = −4 and c = −1. Then b² − 4ac = (−4)² − 4(1)(−1) = 16 + 4 = 20.	Para x² − 4x − 1 = 0, a = 1, b = −4 y c = −1. Entonces b² − 4ac = (−4)² − 4(1)(−1) = 16 + 4 = 20.
x² − 4 = 0 gives x² = 4. The numbers that square to 4 are 2 and −2, so the roots are x = 2 and x = −2.	x² − 4 = 0 da x² = 4. Los números que al cuadrado dan 4 son 2 y −2, así que las raíces son x = 2 y x = −2.
The line y = 2x − 4 crosses the x-axis where y = 0. Set 0 = 2x − 4. Add 4 to both sides to get 4 = 2x. Divide both sides by 2 to get x = 2.	La recta y = 2x − 4 cruza el eje x donde y = 0. Escribe 0 = 2x − 4. Suma 4 en ambos lados para obtener 4 = 2x. Divide ambos lados entre 2 para obtener x = 2.
For f(x) = 1/(x − 5), the denominator x − 5 is 0 when x = 5. So the domain is all real numbers except x = 5.	Para f(x) = 1/(x − 5), el denominador x − 5 es 0 cuando x = 5. Así que el dominio es todos los números reales excepto x = 5.
x² − 16: x² is x squared and 16 is 4 squared, so a = x and b = 4. Then x² − 16 = (x − 4)(x + 4).	x² − 16: x² es x al cuadrado y 16 es 4 al cuadrado, así que a = x y b = 4. Entonces x² − 16 = (x − 4)(x + 4).
2, 5, 8, 11, … has d = 3, because 5 − 2 = 3, 8 − 5 = 3 and 11 − 8 = 3.	2, 5, 8, 11, … tiene d = 3, porque 5 − 2 = 3, 8 − 5 = 3 y 11 − 8 = 3.
6.7 × 10⁴ means 6.7 multiplied by 10,000, and 6.7 × 10,000 = 67,000.	6.7 × 10⁴ significa 6.7 multiplicado por 10,000, y 6.7 × 10,000 = 67,000.
Adding (x + y = 5) and (x − y = 1): x + x = 2x, y − y = 0 and 5 + 1 = 6. So y cancels, leaving 2x = 6.	Al sumar (x + y = 5) y (x − y = 1): x + x = 2x, y − y = 0 y 5 + 1 = 6. Así que la y se cancela y queda 2x = 6.
The GCF of 6x² and 9x is 3x, because 6x² = 3x · 2x and 9x = 3x · 3.	El MCD de 6x² y 9x es 3x, porque 6x² = 3x · 2x y 9x = 3x · 3.
x² − 16 = (x − 4)(x + 4), because x² is x squared and 16 is 4 squared.	x² − 16 = (x − 4)(x + 4), porque x² es x al cuadrado y 16 es 4 al cuadrado.
x² + 6x + 9 = (x + 3)², because x · x = x², 3 · 3 = 9 and 2 · x · 3 = 6x.	x² + 6x + 9 = (x + 3)², porque x · x = x², 3 · 3 = 9 y 2 · x · 3 = 6x.
For x² + 3x − 10 = 0, a = 1, b = 3 and c = −10, so b² − 4ac = 3² − 4(1)(−10) = 9 + 40 = 49.	Para x² + 3x − 10 = 0, a = 1, b = 3 y c = −10, así que b² − 4ac = 3² − 4(1)(−10) = 9 + 40 = 49.
$500 at 4% for 3 years earns 500 × 0.04 × 3 = $60.	$500 al 4% durante 3 años gana 500 × 0.04 × 3 = $60.
Slopes 2 and −1/2 are perpendicular, because the reciprocal of 2 is 1/2, and changing its sign gives −1/2.	Las pendientes 2 y −1/2 son perpendiculares, porque el recíproco de 2 es 1/2, y al cambiarle el signo da −1/2.
For f(x) = x², the range is y ≥ 0, because a squared number is never negative.	Para f(x) = x², el rango es y ≥ 0, porque un número al cuadrado nunca es negativo.
x³ + 3x² + 2x + 6 groups into (x³ + 3x²) + (2x + 6). Then x³ + 3x² = x²(x + 3) and 2x + 6 = 2(x + 3), so the result is x²(x + 3) + 2(x + 3).	x³ + 3x² + 2x + 6 se agrupa en (x³ + 3x²) + (2x + 6). Entonces x³ + 3x² = x²(x + 3) y 2x + 6 = 2(x + 3), así que el resultado es x²(x + 3) + 2(x + 3).
x³ + 8 is a sum of cubes (x³ and 2³), because 2 × 2 × 2 = 8.	x³ + 8 es una suma de cubos (x³ y 2³), porque 2 × 2 × 2 = 8.
y = (x − 3)² + 2 has vertex (3, 2). In (x − 3), h = 3, and the number added at the end is k = 2.	y = (x − 3)² + 2 tiene vértice (3, 2). En (x − 3), h = 3, y el número que se suma al final es k = 2.
To add 1/x and 1/3, the common denominator is x · 3 = 3x.	Para sumar 1/x y 1/3, el denominador común es x · 3 = 3x.
1/√2 becomes √2/2 after rationalizing: 1/√2 × √2/√2 = √2/2.	1/√2 se convierte en √2/2 al racionalizar: 1/√2 × √2/√2 = √2/2.
5% growth has a growth factor of 1 + 0.05 = 1.05.	Un crecimiento de 5% tiene un factor de crecimiento de 1 + 0.05 = 1.05.
5% decay has a decay factor of 1 − 0.05 = 0.95.	Un decaimiento de 5% tiene un factor de decaimiento de 1 − 0.05 = 0.95.
In 3, 7, 11, 15…, the common difference is 4, because 7 − 3 = 4.	En 3, 7, 11, 15…, la diferencia común es 4, porque 7 − 3 = 4.
The mean of 2, 4, 6 is (2 + 4 + 6) ÷ 3 = 12 ÷ 3 = 4.	La media de 2, 4, 6 es (2 + 4 + 6) ÷ 3 = 12 ÷ 3 = 4.
The median of 1, 3, 9 is 3, because 3 is the middle value of the sorted list.	La mediana de 1, 3, 9 es 3, porque 3 es el valor del medio de la lista ordenada.
The mode of 2, 2, 5, 7 is 2, because 2 appears twice and every other value appears once.	La moda de 2, 2, 5, 7 es 2, porque 2 aparece dos veces y cualquier otro valor aparece una vez.
